Workbook

Sheet Spell Effects
A1: effect id | B1: name | C1: animation (0) | D1: animation file (0) | E1: spell display (0) | F1: target type (Target) | G1: target size | H1: effected | I1: min lvl effected (1) | J1: max lvl effected (50) | K1: effect type | L1: duration | M1: attack animation (0) | N1: cast animation (1) | O1: spell damage works (0) | P1: energy type (0) | Q1: hp formula (0) | R1: mp formula (0) | S1: sp_formula (0) | T1: hp (0) | U1: mp (0) | V1: sp (0) | W1: ac (0) | X1: str (0) | Y1: sta (0) | Z1: dex (0) | AA1: int (0) | AB1: fr (0) | AC1: wr (0) | AD1: sr (0) | AE1: ar (0) | AF1: er (0) | AG1: hp % reg | AH1: hp static reg | AI1: mp % reg | AJ1: mp static reg | AK1: haste | AL1: sd | AM1: sc | AN1: melee d | AO1: melee c | AP1: dmg reduce | AQ1: move speed increase % | AR1: body id | AS1: oneffect text | AT1: offeffect text | AU1: face id | AV1: hair id | AW1: hair r | AX1: hair g | AY1: hair b | AZ1: hair a | BA1: body r | BB1: body g | BC1: body b | BD1: body a | BE1: tele map | BF1: tele x | BG1: tele y | BH1: taunt aggro | BI1: works in pvp (1) | BJ1: works not in pvp (0) | BK1: buff removable (1) | BL1: buff graphic | BM1: buff graphic file | BN1: buff doesnt stack over | BO1: buff stacks over | BP1: random join chance | BQ1: on hit spell effect id | BR1: on hit spell chance | BS1: on attack spell effect id | BT1: on attack spell chance | BU1: snare % | BV1: only hits one npc (0) | BW1: script path | BX1: script params
A2: 1 | B2: Small Health Potion | H2: Self | K2: 0 | Q2: 25 | BJ2: 1
A3: 2 | B3: Small Mana Potion | H3: Self | K3: 0 | R3: 25 | BJ3: 1
A4: 3 | B4: Healing 1 | C4: 815015 | H4: SelfPlayer | K4: 0 | O4: 1 | Q4: 25 | BJ4: 1
A5: 4 | B5: Fortify 1 | C5: 815016 | H5: SelfPlayer | K5: 1 | L5: 600 | T5: 50 | W5: 20 | BJ5: 1 | BL5: 810018 | BM5: 20107 | BN5: 39 40 41 42
A6: 5 | B6: Backstab 1 | C6: 815010 | F6: LineFront | G6: 1 | H6: NPCPlayer | K6: 0 | M6: 1 | O6: 1 | Q6: -2 * (%cstr + %cwdmg + %clevel)
A7: 6 | B7: Taunt 1 | C7: 815014 | H7: NPC | K7: 0 | Q7: -1 | BH7: 1000
A8: 7 | B8: Elemental Strike 1 | C8: 815000 | H8: NPCPlayer | K8: 0 | O8: 1 | Q8: -10
A9: 8 | B9: Elemental Strike 2 | C9: 815003 | H9: NPCPlayer | K9: 0 | O9: 1 | Q9: -20
A10: 9 | B10: Arcane Shield 1 | C10: 815016 | H10: SelfPlayer | K10: 1 | L10: 600 | W10: 10 | BJ10: 1 | BL10: 810018 | BM10: 20107 | BN10: 101 113 109 112
A11: 10 | B11: Elemental Strike 3 | C11: 815001 | H11: NPCPlayer | K11: 0 | O11: 1 | Q11: -40
A12: 11 | B12: Elemental Shielding 1 | C12: 815023 | H12: SelfPlayer | K12: 14 | L12: 600 | BJ12: 1 | BL12: 810004 | BM12: 20107 | BN12: 104 | BQ12: 63
A13: 12 | B13: Teleportation | C13: 815012 | H13: SelfPlayer | K13: 5 | BJ13: 1
A14: 13 | B14: Root | C14: 815038 | H14: NPC | K14: 8 | L14: 25 | BK14: 0 | BL14: 810024 | BM14: 20107
A15: 14 | B15: Elemental Strike 4 | C15: 815002 | H15: NPCPlayer | K15: 0 | O15: 1 | Q15: -60
A16: 15 | B16: Snare | C16: 815034 | H16: NPC | K16: 9 | L16: 30 | BK16: 0 | BU16: 80
A17: 16 | B17: Elemental Strike 5 | C17: 815000 | E17: Tile | F17: Random | G17: 4 | H17: NPCPlayer | K17: 0 | O17: 1 | Q17: -80 | BP17: 33
A18: 17 | B18: Gate | C18: 815012 | H18: Self | K18: 5 | BE18: 0
A19: 18 | B19: Regeneration 1 | C19: 815013 | H19: SelfPlayer | K19: 1 | L19: 180 | AG19: 0.02 | BJ19: 1 | BL19: 810008 | BM19: 20107 | BN19: 105 111
A20: 19 | B20: Bind Self | C20: 815014 | H20: Self | K20: 6
A21: 20 | B21: Elemental Strike 6 | C21: 815003 | E21: Tile | F21: Plus | G21: 1 | H21: NPCPlayer | K21: 0 | O21: 1 | Q21: -100
A22: 21 | B22: Rampant Rage | C22: 815048 | H22: Self | K22: 13 | L22: 60 | BL22: 810033 | BM22: 20107 | BN22: 124 | BS22: 60
A23: 22 | B23: Insight | C23: 815014 | H23: Self | K23: 12 | L23: 300 | BL23: 810007 | BM23: 20107
A24: 23 | B24: Area Taunt | C24: 815014 | E24: Tile | F24: Area | G24: 4 | H24: NPC | K24: 0 | O24: 1 | Q24: -10 | BH24: 3000
A25: 24 | B25: Ground Slam 1 | C25: 815001 | E25: Tile | F25: Plus | G25: 1 | H25: NPC | K25: 7 | L25: 10 | O25: 1 | Q25: -30 | BK25: 0 | BL25: 810011 | BM25: 20107
A26: 25 | B26: Berserker 1 | C26: 815024 | H26: Self | K26: 4 | L26: 45 | X26: 50 | AK26: 0.1 | BL26: 810000 | BM26: 20107 | BN26: 121 122
A27: 26 | B27: Poison Weapon 1 | C27: 815041 | H27: Self | K27: 13 | L27: 60 | BL27: 810014 | BM27: 20107 | BN27: 125 | BS27: 61
A28: 27 | B28: Backstab 2 | C28: 815010 | F28: LineFront | G28: 1 | H28: NPCPlayer | K28: 0 | M28: 1 | O28: 1 | Q28: -3 * (%cstr + %cwdmg + %clevel)
A29: 28 | B29: Nimble 1 | C29: 815021 | H29: Self | K29: 1 | L29: 60 | Z29: 50 | AK29: 0.1 | BL29: 810021 | BM29: 20107 | BN29: 127
A30: 29 | B30: Backstab 3 | C30: 815010 | F30: LineFront | G30: 1 | H30: NPCPlayer | K30: 0 | M30: 1 | O30: 1 | Q30: -4 * (%cstr + %cwdmg + %clevel)
A31: 30 | B31: Illusion: Snowman | C31: 815014 | H31: SelfPlayer | K31: 1 | L31: 300 | AR31: 114 | BJ31: 1 | BL31: 810007 | BM31: 20107
A32: 31 | B32: Health Potion | H32: Self | K32: 0 | Q32: 50 | BJ32: 1
A33: 32 | B33: Mana Potion | H33: Self | K33: 0 | R33: 50 | BJ33: 1
A34: 33 | B34: Large Health Potion | H34: Self | K34: 0 | Q34: 150 | BJ34: 1
A35: 34 | B35: Large Mana Potion | H35: Self | K35: 0 | R35: 150 | BJ35: 1
A36: 35 | B36: Healing 2 | C36: 815015 | H36: SelfPlayer | K36: 0 | O36: 1 | Q36: 50 | BJ36: 1
A37: 36 | B37: Healing 3 | C37: 815015 | H37: SelfPlayer | K37: 0 | O37: 1 | Q37: 125 | BJ37: 1
A38: 37 | B38: Healing 4 | C38: 815015 | H38: SelfPlayer | K38: 0 | O38: 1 | Q38: 350 | BJ38: 1
A39: 38 | B39: Healing 5 | C39: 815015 | H39: SelfPlayer | K39: 0 | O39: 1 | Q39: 1000 | BJ39: 1
A40: 39 | B40: Fortify 2 | C40: 815016 | H40: SelfPlayer | I40: 5 | K40: 1 | L40: 600 | T40: 100 | W40: 35 | BJ40: 1 | BL40: 810018 | BM40: 20107 | BN40: 40 41 42 | BO40: 4
A41: 40 | B41: Fortify 3 | C41: 815016 | H41: SelfPlayer | I41: 15 | K41: 1 | L41: 600 | T41: 200 | W41: 50 | BJ41: 1 | BL41: 810018 | BM41: 20107 | BN41: 41 42 | BO41: 4 39
A42: 41 | B42: Fortify 4 | C42: 815016 | H42: SelfPlayer | I42: 25 | K42: 1 | L42: 600 | T42: 400 | W42: 75 | BJ42: 1 | BL42: 810018 | BM42: 20107 | BN42: 42 | BO42: 4 39 40
A43: 42 | B43: Fortify 5 | C43: 815016 | H43: SelfPlayer | I43: 35 | K43: 1 | L43: 600 | T43: 1000 | W43: 100 | BJ43: 1 | BL43: 810018 | BM43: 20107 | BO43: 4 39 40 41
A44: 43 | B44: Strength 1 | C44: 815013 | H44: SelfPlayer | K44: 1 | L44: 600 | X44: 10 | BJ44: 1 | BL44: 810020 | BM44: 20107 | BN44: 44 45 46 47
A45: 44 | B45: Strength 2 | C45: 815013 | H45: SelfPlayer | I45: 10 | K45: 1 | L45: 600 | X45: 20 | BJ45: 1 | BL45: 810020 | BM45: 20107 | BN45: 45 46 47 | BO45: 43
A46: 45 | B46: Strength 3 | C46: 815013 | H46: SelfPlayer | I46: 20 | K46: 1 | L46: 600 | X46: 30 | BJ46: 1 | BL46: 810020 | BM46: 20107 | BN46: 46 47 | BO46: 43 44
A47: 46 | B47: Strength 4 | C47: 815013 | H47: SelfPlayer | I47: 30 | K47: 1 | L47: 600 | X47: 40 | BJ47: 1 | BL47: 810020 | BM47: 20107 | BN47: 47 | BO47: 43 44 45
A48: 47 | B48: Strength 5 | C48: 815013 | H48: SelfPlayer | I48: 40 | K48: 1 | L48: 600 | X48: 50 | BJ48: 1 | BL48: 810020 | BM48: 20107 | BO48: 43 44 45 46
A49: 48 | B49: Stamina 1 | C49: 815013 | H49: SelfPlayer | K49: 1 | L49: 600 | Y49: 10 | BJ49: 1 | BL49: 810019 | BM49: 20107 | BN49: 49 50 51
A50: 49 | B50: Stamina 2 | C50: 815013 | H50: SelfPlayer | I50: 10 | K50: 1 | L50: 600 | Y50: 20 | BJ50: 1 | BL50: 810019 | BM50: 20107 | BN50: 50 51 | BO50: 48
A51: 50 | B51: Stamina 3 | C51: 815013 | H51: SelfPlayer | I51: 20 | K51: 1 | L51: 600 | Y51: 30 | BJ51: 1 | BL51: 810019 | BM51: 20107 | BN51: 51 | BO51: 48 49
A52: 51 | B52: Stamina 4 | C52: 815013 | H52: SelfPlayer | I52: 30 | K52: 1 | L52: 600 | Y52: 40 | BJ52: 1 | BL52: 810019 | BM52: 20107 | BO52: 48 49 50
A53: 52 | B53: Intelligence 1 | C53: 815013 | H53: SelfPlayer | I53: 15 | K53: 1 | L53: 600 | AA53: 10 | BJ53: 1 | BL53: 810008 | BM53: 20107 | BN53: 53
A54: 53 | B54: Intelligence 2 | C54: 815013 | H54: SelfPlayer | I54: 25 | K54: 1 | L54: 600 | AA54: 20 | BJ54: 1 | BL54: 810008 | BM54: 20107 | BO54: 52
A55: 54 | B55: Dexterity 1 | C55: 815013 | H55: SelfPlayer | I55: 25 | K55: 1 | L55: 600 | Z55: 20 | BJ55: 1 | BL55: 810008 | BM55: 20107 | BN55: 55
A56: 55 | B56: Dexterity 2 | C56: 815013 | H56: SelfPlayer | I56: 35 | K56: 1 | L56: 600 | Z56: 40 | BJ56: 1 | BL56: 810008 | BM56: 20107 | BO56: 54
A57: 56 | B57: Mana Regeneration 1 | C57: 815045 | H57: SelfPlayer | I57: 20 | K57: 1 | L57: 120 | AI57: 0.02 | BJ57: 1 | BL57: 810032 | BM57: 20107 | BN57: 57 138
A58: 57 | B58: Mana Regeneration 2 | C58: 815045 | H58: SelfPlayer | I58: 35 | K58: 1 | L58: 150 | AI58: 0.04 | BJ58: 1 | BL58: 810032 | BM58: 20107 | BN58: 138 | BO58: 56
A59: 58 | B59: See Invisible | C59: 815014 | H59: SelfPlayer | K59: 1 | L59: 120 | BJ59: 1 | BL59: 810007 | BM59: 20107
A60: 59 | B60: Sacrifice | C60: 815014 | H60: SelfPlayer | I60: 50 | K60: 0 | R60: 5000 | BJ60: 1
A61: 60 | B61: Rampant Rage Chomp | C61: 815048 | E61: Tile | F61: LineFront | G61: 1 | H61: NPCPlayer | K61: 0 | O61: 1 | Q61: -1 * (%cstr + %cwdmg + %clevel)
A62: 61 | B62: Poison Weapon Bubble | C62: 815027 | F62: LineFront | G62: 1 | H62: NPCPlayer | K62: 3 | L62: 12 | Q62: -15
A63: 62 | B63: Fearsome Lash | C63: 815008 | E63: Tile | F63: LineFront | G63: 3 | H63: NPCPlayer | K63: 0 | M63: 1 | O63: 1 | Q63: -2.7 * ((%ccmp * 0.7) + (%cchp * 0.3))
A64: 63 | B64: Elemental Shielding 1 Rocks | C64: 815001 | H64: NPCPlayer | K64: 0 | O64: 1 | Q64: -15
A65: 64 | B65: Sunder of Spirits | C65: 815042 | E65: Tile | F65: TriangleFront | G65: 2 | H65: NPCPlayer | K65: 0 | M65: 1 | O65: 1 | Q65: -((%ccmp * 0.15) + (%cchp * 0.8)) | BH65: 50000
A66: 65 | B66: Hair Dye: Black | G66: 1 | H66: Self | K66: 2 | AZ66: 180
A67: 66 | B67: Mana Point Regeneration C | H67: Self | K67: 1 | AJ67: 100 | BJ67: 1 | BL67: 810032 | BM67: 20107
A68: 67 | B68: Mana Point Regeneration D | H68: Self | K68: 1 | AJ68: 500 | BJ68: 1 | BL68: 810032 | BM68: 20107
A69: 68 | B69: Hit Point Regeneration C | H69: Self | K69: 1 | AH69: 100 | BJ69: 1 | BL69: 810008 | BM69: 20107
A70: 69 | B70: Hit Point Regeneration D | H70: Self | K70: 1 | AH70: 500 | BJ70: 1 | BL70: 810008 | BM70: 20107
A71: 70 | B71: Increased Spell Damage V | H71: Self | K71: 1 | AL71: 0.05 | BJ71: 1 | BL71: 810035 | BM71: 20107
A72: 71 | B72: Increased Spell Damage X | H72: Self | K72: 1 | AL72: 0.1 | BJ72: 1 | BL72: 810035 | BM72: 20107
A73: 72 | B73: Increased Spell Damage XX | H73: Self | K73: 1 | AL73: 0.2 | BJ73: 1 | BL73: 810035 | BM73: 20107
A74: 73 | B74: Haste V | H74: Self | K74: 1 | AK74: 0.05 | BJ74: 1 | BL74: 810027 | BM74: 20107
A75: 74 | B75: Haste X | H75: Self | K75: 1 | AK75: 0.1 | BJ75: 1 | BL75: 810027 | BM75: 20107
A76: 75 | B76: Haste XX | H76: Self | K76: 1 | AK76: 0.2 | BJ76: 1 | BL76: 810027 | BM76: 20107
A77: 76 | B77: Spell Critical Damage V | H77: Self | K77: 1 | AM77: 0.05 | BJ77: 1 | BL77: 810035 | BM77: 20107
A78: 77 | B78: Spell Critical Damage X | H78: Self | K78: 1 | AM78: 0.1 | BJ78: 1 | BL78: 810035 | BM78: 20107
A79: 78 | B79: Melee Critical Damage V | H79: Self | K79: 1 | AO79: 0.05 | BJ79: 1 | BL79: 810035 | BM79: 20107
A80: 79 | B80: Melee Critical Damage X | H80: Self | K80: 1 | AO80: 0.1 | BJ80: 1 | BL80: 810035 | BM80: 20107
A81: 80 | B81: Mana Point Regeneration 1 | H81: Self | K81: 1 | AI81: 0.01 | BJ81: 1 | BL81: 810032 | BM81: 20107
A82: 81 | B82: Hit Point Regeneration 1 | H82: Self | K82: 1 | AG82: 0.01 | BJ82: 1 | BL82: 810008 | BM82: 20107
A83: 82 | B83: Mana Point Regeneration 2 | H83: Self | K83: 1 | AI83: 0.02 | BJ83: 1 | BL83: 810032 | BM83: 20107
A84: 83 | B84: Hit Point Regeneration 2 | H84: Self | K84: 1 | AG84: 0.02 | BJ84: 1 | BL84: 810008 | BM84: 20107
A85: 84 | B85: HP MP Regeneration | H85: Self | K85: 1 | AG85: 0.01 | AI85: 0.01 | BJ85: 1 | BL85: 810008 | BM85: 20107
A86: 85 | B86: Hair Dye: Red | G86: 1 | H86: Self | K86: 2 | AW86: 155 | AZ86: 160
A87: 86 | B87: Hair Dye: Blue | G87: 1 | H87: Self | K87: 2 | AY87: 155 | AZ87: 160
A88: 87 | B88: Hair Dye: Grey | G88: 1 | H88: Self | K88: 2 | AZ88: 100
A89: 88 | B89: Hair Cut: 1 | G89: 1 | H89: Self | K89: 2 | AV89: 31
A90: 89 | B90: Hair Cut: 2 | G90: 1 | H90: Self | K90: 2 | AV90: 32
A91: 90 | B91: Hair Cut: 3 | G91: 1 | H91: Self | K91: 2 | AV91: 33
A92: 91 | B92: Hair Cut: 4 | G92: 1 | H92: Self | K92: 2 | AV92: 34
A93: 92 | B93: Hair Cut: 5 | G93: 1 | H93: Self | K93: 2 | AV93: 35
A94: 93 | B94: Hair Cut: 6 | G94: 1 | H94: Self | K94: 2 | AV94: 36
A95: 94 | B95: Hair Cut: 7 | G95: 1 | H95: Self | K95: 2
A96: 95 | B96: Face: 1 | G96: 1 | H96: Self | K96: 2 | AU96: 1
A97: 96 | B97: Face: 2 | G97: 1 | H97: Self | K97: 2 | AU97: 1
A98: 97 | B98: Face: 3 | G98: 1 | H98: Self | K98: 2 | AU98: 3
A99: 98 | B99: Face: 4 | G99: 1 | H99: Self | K99: 2 | AU99: 2
A100: 99 | B100: Sexchange: Male | G100: 1 | H100: Self | K100: 2 | AR100: 1
...

Sheet Spells
A1: spell id | B1: name | C1: description | D1: target | E1: classes (0) | F1: aether ms (100) | G1: spellbook graphic | H1: graphic file | I1: hp cost (0) | J1: hp % cost (0) | K1: mp cost (0) | L1: mp % cost (0) | M1: sp cost (0) | N1: sp % cost (0) | O1: spell effect id | Q1: Spell Effect Name (Don't touch)
A2: 1 | B2: Healing 1 | D2: 0 | E2: 31 | G2: 810006 | H2: 20107 | K2: 5 | O2: 3 | Q2: =LOOKUP(O2, 'Spell Effects'!A:A, 'Spell Effects'!B:B) -> Healing 1
A3: 2 | B3: Fortify 1 | D3: 0 | E3: 31 | F3: 30000 | G3: 810018 | H3: 20107 | K3: 20 | O3: 4 | Q3: =LOOKUP(O3, 'Spell Effects'!A:A, 'Spell Effects'!B:B) -> Fortify 1
A4: 3 | B4: Backstab 1 | D4: 1 | E4: 59 | F4: 18000 | G4: 810000 | H4: 20107 | K4: 20 | O4: 5 | Q4: =LOOKUP(O4, 'Spell Effects'!A:A, 'Spell Effects'!B:B) -> Backstab 1
A5: 4 | B5: Taunt 1 | D5: 0 | E5: 55 | F5: 5000 | G5: 810000 | H5: 20107 | K5: 10 | O5: 6 | Q5: =LOOKUP(O5, 'Spell Effects'!A:A, 'Spell Effects'!B:B) -> Taunt 1
A6: 5 | B6: Elemental Strike 1 | D6: 0 | E6: 47 | F6: 500 | G6: 810012 | H6: 20107 | K6: 5 | O6: 7 | Q6: =LOOKUP(O6, 'Spell Effects'!A:A, 'Spell Effects'!B:B) -> Elemental Strike 1
A7: 6 | B7: Elemental Strike 2 | D7: 0 | E7: 47 | F7: 500 | G7: 810013 | H7: 20107 | K7: 10 | O7: 8 | Q7: =LOOKUP(O7, 'Spell Effects'!A:A, 'Spell Effects'!B:B) -> Elemental Strike 2
A8: 7 | B8: Arcane Shield 1 | D8: 0 | E8: 47 | F8: 10000 | G8: 810018 | H8: 20107 | K8: 20 | O8: 9 | Q8: =LOOKUP(O8, 'Spell Effects'!A:A, 'Spell Effects'!B:B) -> Arcane Shield 1
A9: 8 | B9: Elemental Strike 3 | D9: 0 | E9: 47 | F9: 500 | G9: 810011 | H9: 20107 | K9: 20 | O9: 10 | Q9: =LOOKUP(O9, 'Spell Effects'!A:A, 'Spell Effects'!B:B) -> Elemental Strike 3
A10: 9 | B10: Elemental Shielding 1 | D10: 0 | E10: 47 | F10: 10000 | G10: 810004 | H10: 20107 | K10: 20 | O10: 11 | Q10: =LOOKUP(O10, 'Spell Effects'!A:A, 'Spell Effects'!B:B) -> Elemental Shielding 1
A11: 10 | B11: Teleportation | D11: 1 | E11: 47 | F11: 10000 | G11: 810009 | H11: 20107 | K11: 20 | O11: 12 | Q11: =LOOKUP(O11, 'Spell Effects'!A:A, 'Spell Effects'!B:B) -> Teleportation
A12: 11 | B12: Root | D12: 0 | E12: 15 | G12: 810024 | H12: 20107 | K12: 20 | O12: 13 | Q12: =LOOKUP(O12, 'Spell Effects'!A:A, 'Spell Effects'!B:B) -> Root
A13: 12 | B13: Elemental Strike 4 | D13: 0 | E13: 47 | F13: 500 | G13: 810003 | H13: 20107 | K13: 40 | O13: 14 | Q13: =LOOKUP(O13, 'Spell Effects'!A:A, 'Spell Effects'!B:B) -> Elemental Strike 4
A14: 13 | B14: Snare | D14: 0 | E14: 47 | G14: 810023 | H14: 20107 | K14: 50 | O14: 15 | Q14: =LOOKUP(O14, 'Spell Effects'!A:A, 'Spell Effects'!B:B) -> Snare
A15: 14 | B15: Elemental Strike 5 | D15: 0 | E15: 47 | F15: 1000 | G15: 810012 | H15: 20107 | K15: 80 | O15: 16 | Q15: =LOOKUP(O15, 'Spell Effects'!A:A, 'Spell Effects'!B:B) -> Elemental Strike 5
A16: 15 | B16: Gate | D16: 1 | E16: 15 | F16: 20000 | G16: 810009 | H16: 20107 | K16: 30 | O16: 17 | Q16: =LOOKUP(O16, 'Spell Effects'!A:A, 'Spell Effects'!B:B) -> Gate
A17: 16 | B17: Regeneration 1 | D17: 0 | E17: 47 | F17: 90000 | G17: 810008 | H17: 20107 | K17: 80 | O17: 18 | Q17: =LOOKUP(O17, 'Spell Effects'!A:A, 'Spell Effects'!B:B) -> Regeneration 1
A18: 17 | B18: Bind Self | D18: 1 | E18: 15 | F18: 20000 | G18: 810007 | H18: 20107 | K18: 80 | O18: 19 | Q18: =LOOKUP(O18, 'Spell Effects'!A:A, 'Spell Effects'!B:B) -> Bind Self
A19: 18 | B19: Group Teleportation | D19: 2 | E19: 47 | F19: 120000 | G19: 810009 | H19: 20107 | K19: 100 | O19: 12 | Q19: =LOOKUP(O19, 'Spell Effects'!A:A, 'Spell Effects'!B:B) -> Teleportation
A20: 19 | B20: Elemental Strike 6 | D20: 0 | E20: 47 | F20: 1000 | G20: 810013 | H20: 20107 | K20: 160 | O20: 20 | Q20: =LOOKUP(O20, 'Spell Effects'!A:A, 'Spell Effects'!B:B) -> Elemental Strike 6
A21: 20 | B21: Rampant Rage | D21: 1 | E21: 55 | F21: 120000 | G21: 810033 | H21: 20107 | K21: 30 | O21: 21 | Q21: =LOOKUP(O21, 'Spell Effects'!A:A, 'Spell Effects'!B:B) -> Rampant Rage
A22: 21 | B22: Insight | D22: 1 | E22: 55 | F22: 180000 | G22: 810007 | H22: 20107 | K22: 30 | O22: 22 | Q22: =LOOKUP(O22, 'Spell Effects'!A:A, 'Spell Effects'!B:B) -> Insight
A23: 22 | B23: Area Taunt | D23: 1 | E23: 55 | F23: 10000 | G23: 810000 | H23: 20107 | K23: 40 | O23: 23 | Q23: =LOOKUP(O23, 'Spell Effects'!A:A, 'Spell Effects'!B:B) -> Area Taunt
A24: 23 | B24: Ground Slam 1 | D24: 1 | E24: 55 | F24: 180000 | G24: 810011 | H24: 20107 | K24: 50 | O24: 24 | Q24: =LOOKUP(O24, 'Spell Effects'!A:A, 'Spell Effects'!B:B) -> Ground Slam 1
A25: 24 | B25: Berserker 1 | D25: 1 | E25: 55 | F25: 225000 | G25: 810000 | H25: 20107 | K25: 50 | O25: 25 | Q25: =LOOKUP(O25, 'Spell Effects'!A:A, 'Spell Effects'!B:B) -> Berserker 1
A26: 25 | B26: Poison Weapon 1 | D26: 1 | E26: 59 | F26: 120000 | G26: 810014 | H26: 20107 | K26: 30 | O26: 26 | Q26: =LOOKUP(O26, 'Spell Effects'!A:A, 'Spell Effects'!B:B) -> Poison Weapon 1
... A29: 28 | B29: Backstab 3 | D29: 1 | E29: 59 | F29: 27000 | G29: 810000 | H29: 20107 | K29: 60 | O29: 29 | Q29: =LOOKUP(O29, 'Spell Effects'!A:A, 'Spell Effects'!B:B) -> Backstab 3
A30: 29 | B30: Illusion: Snowman | D30: 0 | F30: 300000 | G30: 810007 | H30: 20107 | K30: 100 | O30: 30 | Q30: =LOOKUP(O30, 'Spell Effects'!A:A, 'Spell Effects'!B:B) -> Illusion: Snowman
A31: 30 | B31: Healing 2 | D31: 0 | E31: 31 | G31: 810006 | H31: 20107 | K31: 10 | O31: 35 | Q31: =LOOKUP(O31, 'Spell Effects'!A:A, 'Spell Effects'!B:B) -> Healing 2
A32: 31 | B32: Healing 3 | D32: 0 | E32: 31 | G32: 810006 | H32: 20107 | K32: 25 | O32: 36 | Q32: =LOOKUP(O32, 'Spell Effects'!A:A, 'Spell Effects'!B:B) -> Healing 3
A33: 32 | B33: Healing 4 | D33: 0 | E33: 31 | G33: 810006 | H33: 20107 | K33: 50 | O33: 37 | Q33: =LOOKUP(O33, 'Spell Effects'!A:A, 'Spell Effects'!B:B) -> Healing 4
A34: 33 | B34: Healing 5 | D34: 0 | E34: 31 | G34: 810006 | H34: 20107 | K34: 100 | O34: 38 | Q34: =LOOKUP(O34, 'Spell Effects'!A:A, 'Spell Effects'!B:B) -> Healing 5
A35: 34 | B35: Fortify 2 | D35: 0 | E35: 31 | F35: 5000 | G35: 810018 | H35: 20107 | K35: 50 | O35: 39 | Q35: =LOOKUP(O35, 'Spell Effects'!A:A, 'Spell Effects'!B:B) -> Fortify 2
A36: 35 | B36: Fortify 3 | D36: 0 | E36: 31 | F36: 5000 | G36: 810018 | H36: 20107 | K36: 100 | O36: 40 | Q36: =LOOKUP(O36, 'Spell Effects'!A:A, 'Spell Effects'!B:B) -> Fortify 3
A37: 36 | B37: Fortify 4 | D37: 0 | E37: 31 | F37: 5000 | G37: 810018 | H37: 20107 | K37: 150 | O37: 41 | Q37: =LOOKUP(O37, 'Spell Effects'!A:A, 'Spell Effects'!B:B) -> Fortify 4
A38: 37 | B38: Fortify 5 | D38: 0 | E38: 31 | F38: 5000 | G38: 810018 | H38: 20107 | K38: 300 | O38: 42 | Q38: =LOOKUP(O38, 'Spell Effects'!A:A, 'Spell Effects'!B:B) -> Fortify 5
A39: 38 | B39: Strength 1 | D39: 0 | E39: 31 | F39: 5000 | G39: 810020 | H39: 20107 | K39: 20 | O39: 43 | Q39: =LOOKUP(O39, 'Spell Effects'!A:A, 'Spell Effects'!B:B) -> Strength 1
A40: 39 | B40: Strength 2 | D40: 0 | E40: 31 | F40: 5000 | G40: 810020 | H40: 20107 | K40: 50 | O40: 44 | Q40: =LOOKUP(O40, 'Spell Effects'!A:A, 'Spell Effects'!B:B) -> Strength 2
A41: 40 | B41: Strength 3 | D41: 0 | E41: 31 | F41: 5000 | G41: 810020 | H41: 20107 | K41: 75 | O41: 45 | Q41: =LOOKUP(O41, 'Spell Effects'!A:A, 'Spell Effects'!B:B) -> Strength 3
A42: 41 | B42: Strength 4 | D42: 0 | E42: 31 | F42: 5000 | G42: 810020 | H42: 20107 | K42: 100 | O42: 46 | Q42: =LOOKUP(O42, 'Spell Effects'!A:A, 'Spell Effects'!B:B) -> Strength 4
A43: 42 | B43: Strength 5 | D43: 0 | E43: 31 | F43: 5000 | G43: 810020 | H43: 20107 | K43: 150 | O43: 47 | Q43: =LOOKUP(O43, 'Spell Effects'!A:A, 'Spell Effects'!B:B) -> Strength 5
A44: 43 | B44: Stamina 1 | D44: 0 | E44: 31 | F44: 5000 | G44: 810019 | H44: 20107 | K44: 20 | O44: 48 | Q44: =LOOKUP(O44, 'Spell Effects'!A:A, 'Spell Effects'!B:B) -> Stamina 1
A45: 44 | B45: Stamina 2 | D45: 0 | E45: 31 | F45: 5000 | G45: 810019 | H45: 20107 | K45: 50 | O45: 49 | Q45: =LOOKUP(O45, 'Spell Effects'!A:A, 'Spell Effects'!B:B) -> Stamina 2
A46: 45 | B46: Stamina 3 | D46: 0 | E46: 31 | F46: 5000 | G46: 810019 | H46: 20107 | K46: 75 | O46: 50 | Q46: =LOOKUP(O46, 'Spell Effects'!A:A, 'Spell Effects'!B:B) -> Stamina 3
... A54: 53 | B54: See Invisible | D54: 0 | E54: 31 | F54: 5000 | G54: 810007 | H54: 20107 | K54: 20 | O54: 58 | Q54: =LOOKUP(O54, 'Spell Effects'!A:A, 'Spell Effects'!B:B) -> See Invisible
A55: 54 | B55: Sacrifice | D55: 0 | E55: 31 | F55: 200 | G55: 810007 | H55: 20107 | I55: 2500 | O55: 59 | Q55: =LOOKUP(O55, 'Spell Effects'!A:A, 'Spell Effects'!B:B) -> Sacrifice
A56: 55 | B56: Fearsome Lash | D56: 1 | E56: 59 | F56: 3000 | G56: 810014 | H56: 20107 | J56: 30 | L56: 70 | O56: 62 | Q56: =LOOKUP(O56, 'Spell Effects'!A:A, 'Spell Effects'!B:B) -> Fearsome Lash
A57: 56 | B57: Sunder of Spirits | D57: 1 | E57: 55 | F57: 3000 | G57: 810028 | H57: 20107 | J57: 70 | K57: 300 | L57: 15 | O57: 64 | Q57: =LOOKUP(O57, 'Spell Effects'!A:A, 'Spell Effects'!B:B) -> Sunder of Spirits
A58: 57 | B58: Arcane Shield 2 | D58: 0 | E58: 47 | F58: 10000 | G58: 810018 | H58: 20107 | K58: 40 | O58: 101 | Q58: =LOOKUP(O58, 'Spell Effects'!A:A, 'Spell Effects'!B:B) -> Arcane Shield 2
A59: 58 | B59: Group Elemental Shielding 1 | D59: 2 | E59: 47 | F59: 10000 | G59: 810004 | H59: 20107 | K59: 80 | O59: 11 | Q59: =LOOKUP(O59, 'Spell Effects'!A:A, 'Spell Effects'!B:B) -> Elemental Shielding 1
A60: 59 | B60: Invisibility | D60: 0 | E60: 47 | F60: 5000 | G60: 810034 | H60: 20107 | K60: 80 | O60: 102 | Q60: =LOOKUP(O60, 'Spell Effects'!A:A, 'Spell Effects'!B:B) -> Invisibility
A61: 60 | B61: Elemental Strike 7 | D61: 0 | E61: 47 | F61: 1000 | G61: 810011 | H61: 20107 | K61: 280 | O61: 103 | Q61: =LOOKUP(O61, 'Spell Effects'!A:A, 'Spell Effects'!B:B) -> Elemental Strike 7
A62: 61 | B62: Elemental Shielding 2 | D62: 0 | E62: 47 | F62: 10000 | G62: 810004 | H62: 20107 | K62: 400 | O62: 104 | Q62: =LOOKUP(O62, 'Spell Effects'!A:A, 'Spell Effects'!B:B) -> Elemental Shielding 2
A63: 62 | B63: Group Elemental Shielding 2 | D63: 2 | E63: 47 | F63: 10000 | G63: 810004 | H63: 20107 | K63: 800 | O63: 104 | Q63: =LOOKUP(O63, 'Spell Effects'!A:A, 'Spell Effects'!B:B) -> Elemental Shielding 2
A64: 63 | B64: Regeneration 2 | D64: 0 | E64: 47 | F64: 300000 | G64: 810008 | H64: 20107 | K64: 500 | O64: 105 | Q64: =LOOKUP(O64, 'Spell Effects'!A:A, 'Spell Effects'!B:B) -> Regeneration 2
A65: 64 | B65: Bind Other | D65: 0 | E65: 47 | F65: 10000 | G65: 810007 | H65: 20107 | K65: 400 | O65: 106 | Q65: =LOOKUP(O65, 'Spell Effects'!A:A, 'Spell Effects'!B:B) -> Bind Other
A66: 65 | B66: Otherlands Teleport | D66: 1 | E66: 47 | F66: 10000 | G66: 810009 | H66: 20107 | K66: 500 | O66: 107 | Q66: =LOOKUP(O66, 'Spell Effects'!A:A, 'Spell Effects'!B:B) -> Otherlands Teleport
A67: 66 | B67: Group Otherlands Teleport | D67: 2 | E67: 47 | F67: 20000 | G67: 810009 | H67: 20107 | K67: 800 | O67: 107 | Q67: =LOOKUP(O67, 'Spell Effects'!A:A, 'Spell Effects'!B:B) -> Otherlands Teleport
A68: 67 | B68: Elemental Strike 8 | D68: 1 | E68: 47 | F68: 4000 | G68: 810003 | H68: 20107 | K68: 400 | O68: 108 | Q68: =LOOKUP(O68, 'Spell Effects'!A:A, 'Spell Effects'!B:B) -> Elemental Strike 8
A69: 68 | B69: Arcane Shield 4 | D69: 0 | E69: 47 | F69: 20000 | G69: 810018 | H69: 20107 | K69: 400 | O69: 109 | Q69: =LOOKUP(O69, 'Spell Effects'!A:A, 'Spell Effects'!B:B) -> Arcane Shield 4
... A88: 87 | B88: Ground Slam 4 | D88: 1 | E88: 55 | F88: 180000 | G88: 810011 | H88: 20107 | K88: 300 | O88: 130 | Q88: =LOOKUP(O88, 'Spell Effects'!A:A, 'Spell Effects'!B:B) -> Ground Slam 4
A89: 88 | B89: Covenant | D89: 1 | E89: 47 | F89: 4000 | G89: 810031 | H89: 20107 | J89: 50 | O89: 133 | Q89: =LOOKUP(O89, 'Spell Effects'!A:A, 'Spell Effects'!B:B) -> Covenant
A90: 89 | B90: Arcane Blast | D90: 0 | E90: 47 | F90: 2000 | G90: 810036 | H90: 20107 | L90: 100 | O90: 134 | Q90: =LOOKUP(O90, 'Spell Effects'!A:A, 'Spell Effects'!B:B) -> Arcane Blast
A91: 90 | B91: Arcane Assault | D91: 0 | E91: 47 | F91: 3000 | G91: 810029 | H91: 20107 | L91: 80 | O91: 135 | Q91: =LOOKUP(O91, 'Spell Effects'!A:A, 'Spell Effects'!B:B) -> Arcane Assault
A92: 91 | B92: Spirit Strike | D92: 1 | E92: 55 | F92: 1500 | G92: 810016 | H92: 20107 | J92: 90 | K92: 400 | O92: 136 | Q92: =LOOKUP(O92, 'Spell Effects'!A:A, 'Spell Effects'!B:B) -> Spirit Strike
A93: 92 | B93: Critical Strike | D93: 1 | E93: 59 | F93: 1000 | G93: 810014 | H93: 20107 | J93: 50 | L93: 50 | O93: 137 | Q93: =LOOKUP(O93, 'Spell Effects'!A:A, 'Spell Effects'!B:B) -> Critical Strike
A94: 93 | B94: Rejuvination | D94: 1 | E94: 31 | F94: 2000 | G94: 810005 | H94: 20107 | K94: 500 | O94: 138 | Q94: =LOOKUP(O94, 'Spell Effects'!A:A, 'Spell Effects'!B:B) -> Rejuvination
A95: 94 | B95: Restore Health | D95: 0 | E95: 31 | F95: 3000 | G95: 810010 | H95: 20107 | L95: 60 | O95: 139 | Q95: =LOOKUP(O95, 'Spell Effects'!A:A, 'Spell Effects'!B:B) -> Restore Health
A96: 95 | B96: Group Paradise Teleport | D96: 2 | E96: 47 | F96: 20000 | G96: 810009 | H96: 20107 | K96: 5000 | O96: 141 | Q96: =LOOKUP(O96, 'Spell Effects'!A:A, 'Spell Effects'!B:B) -> Paradise Teleportation
A97: 96 | B97: Ancient Healing | D97: 0 | E97: 31 | G97: 810006 | H97: 20107 | K97: 500 | O97: 143 | Q97: =LOOKUP(O97, 'Spell Effects'!A:A, 'Spell Effects'!B:B) -> Ancient Healing
A98: 97 | B98: Ancient Root | D98: 0 | E98: 47 | F98: 30000 | G98: 810024 | H98: 20107 | K98: 1000 | O98: 144 | Q98: =LOOKUP(O98, 'Spell Effects'!A:A, 'Spell Effects'!B:B) -> Ancient Root
A99: 98 | B99: Ancient Sturdiness | D99: 1 | E99: 47 | F99: 1800000 | G99: 810011 | H99: 20107 | K99: 20000 | O99: 145 | Q99: =LOOKUP(O99, 'Spell Effects'!A:A, 'Spell Effects'!B:B) -> Ancient Sturdiness
A100: 99 | B100: Ancient Criticality | D100: 1 | E100: 59 | F100: 240000 | G100: 810035 | H100: 20107 | K100: 10000 | O100: 146 | Q100: =LOOKUP(O100, 'Spell Effects'!A:A, 'Spell Effects'!B:B) -> Ancient Criticality
A101: 100 | B101: Ancient Augmentation | D101: 1 | E101: 55 | F101: 240000 | G101: 810035 | H101: 20107 | K101: 4000 | O101: 147 | Q101: =LOOKUP(O101, 'Spell Effects'!A:A, 'Spell Effects'!B:B) -> Ancient Augmentation
A102: 101 | B102: Ancient Protection | D102: 1 | E102: 31 | F102: 120000 | G102: 810030 | H102: 20107 | K102: 30000 | O102: 148 | Q102: =LOOKUP(O102, 'Spell Effects'!A:A, 'Spell Effects'!B:B) -> Ancient Protection
A103: 102 | B103: Ancient Buffiness | D103: 1 | E103: 47 | F103: 300000 | G103: 810035 | H103: 20107 | K103: 45000 | O103: 149 | Q103: =LOOKUP(O103, 'Spell Effects'!A:A, 'Spell Effects'!B:B) -> Ancient Buffiness
A104: 103 | B104: Ancient Damage | D104: 1 | E104: 59 | F104: 300000 | G104: 810000 | H104: 20107 | K104: 10000 | O104: 150 | Q104: =LOOKUP(O104, 'Spell Effects'!A:A, 'Spell Effects'!B:B) -> Ancient Damage
A105: 104 | B105: Ancient Taunt | D105: 0 | E105: 55 | F105: 2000 | G105: 810000 | H105: 20107 | K105: 700 | O105: 151 | Q105: =LOOKUP(O105, 'Spell Effects'!A:A, 'Spell Effects'!B:B) -> Ancient Taunt
A106: 105 | B106: Ancient Sacrifice | D106: 2 | E106: 31 | F106: 1400 | G106: 810007 | H106: 20107 | I106: 5000 | O106: 152 | Q106: =LOOKUP(O106, 'Spell Effects'!A:A, 'Spell Effects'!B:B) -> Ancient Sacrifice
A107: 106 | B107: Smoke Bomb | D107: 1 | E107: 59 | F107: 300000 | G107: 810014 | H107: 20107 | K107: 500 | O107: 153 | Q107: =LOOKUP(O107, 'Spell Effects'!A:A, 'Spell Effects'!B:B) -> Smoke Bomb
A108: 107 | B108: Group Heal | D108: 2 | E108: 31 | F108: 1000 | G108: 810006 | H108: 20107 | K108: 75 | O108: 154 | Q108: =LOOKUP(O108, 'Spell Effects'!A:A, 'Spell Effects'!B:B) -> Group Heal
A109: 108 | B109: Warrior Root | D109: 1 | E109: 55 | F109: 5000 | G109: 810024 | H109: 20107 | K109: 100 | O109: 155 | Q109: =LOOKUP(O109, 'Spell Effects'!A:A, 'Spell Effects'!B:B) -> Warrior Root
A110: 109 | B110: Ancient Bellow | D110: 0 | E110: 55 | F110: 4000 | G110: 810000 | H110: 20107 | K110: 1400 | O110: 165 | Q110: =LOOKUP(O110, 'Spell Effects'!A:A, 'Spell Effects'!B:B) -> Ancient Bellow
A111: 110 | B111: Ancient Awe | D111: 1 | E111: 55 | F111: 600000 | G111: 810033 | H111: 20107 | J111: 70 | K111: 15000 | L111: 90 | O111: 168 | Q111: =LOOKUP(O111, 'Spell Effects'!A:A, 'Spell Effects'!B:B) -> Ancient Awe
A112: 111 | B112: Ancient Death | D112: 1 | E112: 59 | F112: 600000 | G112: 810017 | H112: 20107 | I112: 20000 | J112: 90 | L112: 50 | O112: 167 | Q112: =LOOKUP(O112, 'Spell Effects'!A:A, 'Spell Effects'!B:B) -> Ancient Death
A113: 112 | B113: Ancient Conflagration | D113: 1 | E113: 47 | F113: 600000 | G113: 810029 | H113: 20107 | I113: 20000 | J113: 95 | L113: 30 | O113: 166 | Q113: =LOOKUP(O113, 'Spell Effects'!A:A, 'Spell Effects'!B:B) -> Ancient Conflagration
A114: 113 | B114: Ancient Blessings | D114: 2 | E114: 31 | F114: 600000 | G114: 810035 | H114: 20107 | I114: 30000 | O114: 170 | Q114: =LOOKUP(O114, 'Spell Effects'!A:A, 'Spell Effects'!B:B) -> Ancient Blessings
A115: 114 | B115: Spiritual Blessings | D115: 2 | E115: 31 | F115: 600000 | G115: 810007 | H115: 20107 | K115: 5000 | O115: 171 | Q115: =LOOKUP(O115, 'Spell Effects'!A:A, 'Spell Effects'!B:B) -> Spiritual Blessings
A116: 115 | B116: Sacrifice II | D116: 0 | E116: 31 | F116: 400 | G116: 810007 | H116: 20107 | I116: 5000 | O116: 178 | Q116: =LOOKUP(O116, 'Spell Effects'!A:A, 'Spell Effects'!B:B) -> Sacrifice II
A117: 116 | B117: Damage of the Bear | D117: 2 | E117: 47 | F117: 120000 | G117: 810035 | H117: 20107 | K117: 45000 | O117: 179 | Q117: =LOOKUP(O117, 'Spell Effects'!A:A, 'Spell Effects'!B:B) -> Damage of the Bear
A118: 117 | B118: Critical Blow of the Bear | D118: 2 | E118: 59 | F118: 120000 | G118: 810035 | H118: 20107 | K118: 45000 | O118: 180 | Q118: =LOOKUP(O118, 'Spell Effects'!A:A, 'Spell Effects'!B:B) -> Critical Blow of the Bear
A119: 118 | B119: Roar of the Bear | D119: 1 | E119: 55 | F119: 5000 | G119: 810000 | H119: 20107 | K119: 4000 | O119: 181 | Q119: =LOOKUP(O119, 'Spell Effects'!A:A, 'Spell Effects'!B:B) -> Roar of the Bear
A120: 119 | B120: Illusion: Bat | D120: 0 | F120: 60000 | G120: 810007 | H120: 20107 | K120: 100 | O120: 183 | Q120: =LOOKUP(O120, 'Spell Effects'!A:A, 'Spell Effects'!B:B) -> Illusion: Bat
A121: 120 | B121: Illusion: Shroom | D121: 0 | F121: 60000 | G121: 810007 | H121: 20107 | K121: 100 | O121: 184 | Q121: =LOOKUP(O121, 'Spell Effects'!A:A, 'Spell Effects'!B:B) -> Illusion: Shroom
A122: 121 | B122: Ancient Group Healing | D122: 2 | E122: 31 | F122: 1000 | G122: 810006 | H122: 20107 | K122: 1000 | O122: 199 | Q122: =LOOKUP(O122, 'Spell Effects'!A:A, 'Spell Effects'!B:B) -> Ancient Group Healing
A123: 122 | B123: Ancient Group Damage | D123: 2 | E123: 59 | F123: 300000 | G123: 810027 | H123: 20107 | K123: 35000 | O123: 200 | Q123: =LOOKUP(O123, 'Spell Effects'!A:A, 'Spell Effects'!B:B) -> Ancient Group Damage
A124: 123 | B124: Ancient Regeneration | D124: 2 | E124: 47 | F124: 45000 | G124: 810035 | H124: 20107 | K124: 35000 | O124: 201 | Q124: =LOOKUP(O124, 'Spell Effects'!A:A, 'Spell Effects'!B:B) -> Ancient Regeneration
A125: 124 | B125: Augment | D125: 2 | E125: 47 | F125: 60000 | G125: 810001 | H125: 20107 | K125: 500 | O125: 202 | Q125: =LOOKUP(O125, 'Spell Effects'!A:A, 'Spell Effects'!B:B) -> Augment
A126: 125 | B126: Empower | D126: 2 | E126: 31 | F126: 60000 | G126: 810020 | H126: 20107 | K126: 300 | O126: 203 | Q126: =LOOKUP(O126, 'Spell Effects'!A:A, 'Spell Effects'!B:B) -> Empower
A127: 126 | B127: Bustle | D127: 2 | E127: 59 | F127: 600000 | G127: 810021 | H127: 20107 | K127: 100 | O127: 204 | Q127: =LOOKUP(O127, 'Spell Effects'!A:A, 'Spell Effects'!B:B) -> Bustle
...

Sheet Items
A1: id | B1: usetype | C1: name | D1: description | E1: hp (0) | F1: mp (0) | G1: sp (0) | H1: ac (0) | I1: str (0) | J1: sta (0) | K1: dex (0) | L1: int (0) | M1: fr (0) | N1: wr (0) | O1: sr (0) | P1: ar (0) | Q1: er (0) | R1: min exp (0) | S1: min lvl (0) | T1: max exp (0) | U1: max lvl (0) | V1: weap dmg (0) | W1: weap dly (10) | X1: slot (Misc) | Y1: type (None) | Z1: value (0) | AA1: lore (0) | AB1: bop (0) | AC1: boe (0) | AD1: event (0) | AE1: graphic tile | AF1: graphic file | AG1: equip display | AH1: r | AI1: g | AJ1: b | AK1: a | AL1: classes (0) | AM1: stack (1) | AN1: body state (1) | AO1: effect (0) | AP1: effect % (100) | AQ1: learn spell id (0) | AR1: credits (0) | AS1: script path | AT1: script params
A2: 1 | B2: Money | C2: Gold | AE2: 820100 | AF2: 20398
A3: 2 | B3: Armor | C3: Old Rags | H3: 3 | X3: Chest | Y3: Cloth | Z3: 10 | AE3: 332205 | AF3: 2278 | AG3: 2
A4: 3 | B4: Weapon | C4: Stick | V4: 3 | X4: OneHanded | Y4: OneHandedBlunt | Z4: 10 | AE4: 331405 | AF4: 2270 | AG4: 1 | AN4: 4
A5: 4 | B5: OneTime | C5: Small Health Potion | Z5: 50 | AE5: 820115 | AF5: 20398 | AM5: 99 | AO5: 1
A6: 5 | B6: OneTime | C6: Small Mana Potion | Z6: 50 | AE6: 820112 | AF6: 20398 | AM6: 99 | AO6: 2
A7: 6 | B7: Weapon | C7: Tin Can | E7: 5 | I7: 1 | V7: 13 | X7: OneHanded | Y7: OneHandedBlunt | Z7: 120 | AE7: 331350 | AF7: 2269 | AG7: 60 | AN7: 4
A8: 7 | B8: NoUse | C8: Rabbit Fur | Z8: 40 | AE8: 820601 | AF8: 20403 | AM8: 99
A9: 8 | B9: NoUse | C9: Rabbit Pelt | Z9: 80 | AE9: 820604 | AF9: 20403 | AM9: 99
A10: 9 | B10: Armor | C10: Bunny Ears | E10: 20 | F10: 20 | H10: 20 | I10: 3 | X10: Helmet | AE10: 332209 | AF10: 2278 | AG10: 3
A11: 10 | B11: Scroll | C11: Scroll: Healing 1 | S11: 1 | Z11: 100 | AA11: 1 | AE11: 820110 | AF11: 20398 | AL11: 31 | AQ11: 1
A12: 11 | B12: Weapon | C12: Small Hammer | S12: 5 | V12: 12 | X12: OneHanded | Y12: OneHandedBlunt | Z12: 500 | AE12: 820039 | AF12: 20397 | AG12: 5 | AL12: 22 | AN12: 4
A13: 12 | B13: Weapon | C13: Wooden Stave | S13: 5 | V13: 9 | X13: TwoHanded | Y13: TwoHandedBlunt | Z13: 500 | AE13: 820021 | AF13: 20397 | AG13: 13 | AL13: 38 | AN13: 5
A14: 13 | B14: Weapon | C14: Small Dagger | S14: 5 | V14: 12 | X14: OneHanded | Y14: OneHandedPierce | Z14: 500 | AE14: 331379 | AF14: 2269 | AG14: 11 | AL14: 34 | AN14: 4
A15: 14 | B15: Weapon | C15: Small Sword | S15: 5 | V15: 14 | X15: OneHanded | Y15: OneHandedSword | Z15: 500 | AE15: 820015 | AF15: 20397 | AG15: 10 | AL15: 50 | AN15: 4
A16: 15 | B16: Weapon | C16: Stone Hammer | S16: 15 | V16: 15 | X16: OneHanded | Y16: OneHandedBlunt | Z16: 1500 | AE16: 820039 | AF16: 20397 | AG16: 5 | AL16: 22 | AN16: 4
A17: 16 | B17: Weapon | C17: Hardwood Stave | S17: 15 | V17: 15 | X17: TwoHanded | Y17: TwoHandedBlunt | Z17: 1500 | AE17: 820021 | AF17: 20397 | AG17: 13 | AL17: 38 | AN17: 5
A18: 17 | B18: Weapon | C18: Grim Dagger | S18: 15 | V18: 19 | X18: OneHanded | Y18: OneHandedPierce | Z18: 1500 | AE18: 331379 | AF18: 2269 | AG18: 11 | AL18: 34 | AN18: 4
A19: 18 | B19: Weapon | C19: Long Sword | S19: 15 | V19: 24 | X19: OneHanded | Y19: OneHandedSword | Z19: 1500 | AE19: 820015 | AF19: 20397 | AG19: 10 | AL19: 50 | AN19: 4
A20: 19 | B20: NoUse | C20: Sun Flower | Z20: 50 | AE20: 820120 | AF20: 20398
A21: 20 | B21: NoUse | C21: Pile of Crap | Z21: 20 | AE21: 820124 | AF21: 20398 | AM21: 99
A22: 21 | B22: NoUse | C22: Rubber Ducky | Z22: 100 | AE22: 820111 | AF22: 20398
A23: 22 | B23: Scroll | C23: Scroll: Fortify 1 | S23: 6 | Z23: 600 | AA23: 1 | AE23: 820110 | AF23: 20398 | AL23: 31 | AQ23: 2
A24: 23 | B24: Scroll | C24: Scroll: Backstab 1 | S24: 5 | Z24: 100 | AA24: 1 | AE24: 820110 | AF24: 20398 | AL24: 59 | AQ24: 3
A25: 24 | B25: Scroll | C25: Scroll: Taunt | S25: 1 | Z25: 100 | AA25: 1 | AE25: 820110 | AF25: 20398 | AL25: 55 | AQ25: 4
A26: 25 | B26: Scroll | C26: Scroll: Elemental Strike 1 | S26: 1 | Z26: 100 | AA26: 1 | AE26: 820110 | AF26: 20398 | AL26: 47 | AQ26: 5
A27: 26 | B27: Scroll | C27: Scroll: Elemental Strike 2 | S27: 6 | Z27: 600 | AA27: 1 | AE27: 820110 | AF27: 20398 | AL27: 47 | AQ27: 6
A28: 27 | B28: Scroll | C28: Scroll: Arcane Shield 1 | S28: 7 | Z28: 700 | AA28: 1 | AE28: 820110 | AF28: 20398 | AL28: 47 | AQ28: 7
A29: 28 | B29: Scroll | C29: Scroll: Elemental Strike 3 | S29: 11 | Z29: 1100 | AA29: 1 | AE29: 820110 | AF29: 20398 | AL29: 47 | AQ29: 8
A30: 29 | B30: Scroll | C30: Scroll: Elemental Shield 1 | S30: 12 | Z30: 1200 | AA30: 1 | AE30: 820110 | AF30: 20398 | AL30: 47 | AQ30: 9
A31: 30 | B31: Scroll | C31: Scroll: Teleportation | S31: 14 | Z31: 1400 | AA31: 1 | AE31: 820110 | AF31: 20398 | AL31: 47 | AQ31: 10
A32: 31 | B32: Scroll | C32: Scroll: Root | S32: 15 | Z32: 1500 | AA32: 1 | AE32: 820110 | AF32: 20398 | AL32: 15 | AQ32: 11
A33: 32 | B33: Scroll | C33: Scroll: Elemental Strike 4 | S33: 16 | Z33: 1600 | AA33: 1 | AE33: 820110 | AF33: 20398 | AL33: 47 | AQ33: 12
A34: 33 | B34: Scroll | C34: Scroll: Snare | S34: 20 | Z34: 2000 | AA34: 1 | AE34: 820110 | AF34: 20398 | AL34: 47 | AQ34: 13
... A41: 40 | B41: Scroll | C41: Scroll: Rampant Rage | S41: 5 | Z41: 100 | AA41: 1 | AE41: 820110 | AF41: 20398 | AL41: 55 | AQ41: 20
A42: 41 | B42: Weapon | C42: Winter Blade | E42: 5 | K42: 5 | S42: 12 | V42: 26 | X42: OneHanded | Y42: OneHandedPierce | Z42: 500 | AA42: 1 | AE42: 331356 | AF42: 2269 | AG42: 73 | AL42: 51 | AN42: 4
A43: 42 | B43: OneTime | C43: Health Potion | Z43: 150 | AE43: 820116 | AF43: 20398 | AM43: 99 | AO43: 31
A44: 43 | B44: OneTime | C44: Mana Potion | Z44: 150 | AE44: 820113 | AF44: 20398 | AM44: 99 | AO44: 32
A45: 44 | B45: OneTime | C45: Large Health Potion | Z45: 300 | AE45: 820117 | AF45: 20398 | AM45: 99 | AO45: 33
A46: 45 | B46: OneTime | C46: Large Mana Potion | Z46: 300 | AE46: 820114 | AF46: 20398 | AM46: 99 | AO46: 34
A47: 46 | B47: Armor | C47: Frozen Mittens | E47: 10 | F47: 10 | H47: 5 | J47: 1 | S47: 10 | X47: Gloves | Z47: 100 | AA47: 1 | AE47: 820210 | AF47: 20399
A48: 47 | B48: Armor | C48: Cloak of Chilling Speed | E48: 20 | H48: 10 | S48: 15 | X48: Cloak | Z48: 250 | AA48: 1 | AE48: 810034 | AF48: 20107 | AO48: 73
A49: 48 | B49: Armor | C49: Blizzard Robes | E49: 10 | F49: 30 | H49: 30 | L49: 5 | S49: 12 | X49: Chest | Y49: Cloth | Z49: 500 | AA49: 1 | AE49: 332201 | AF49: 2278 | AG49: 20 | AL49: 15
A50: 49 | B50: Armor | C50: Hair Bow | E50: 10 | F50: 10 | H50: 10 | I50: 2 | J50: 2 | K50: 2 | L50: 2 | S50: 15 | X50: Helmet | Y50: Cloth | Z50: 100 | AA50: 1 | AE50: 332270 | AF50: 2278 | AG50: 46
A51: 50 | B51: Armor | C51: Cow Skull Helmet | E51: 20 | F51: 10 | H51: 20 | I51: 5 | J51: 2 | S51: 15 | X51: Helmet | Z51: 200 | AA51: 1 | AE51: 332215 | AF51: 2278 | AG51: 12 | AL51: 51
A52: 51 | B52: NoUse | C52: Dollar Bill | Z52: 100 | AE52: 820125 | AF52: 20398 | AM52: 99
A53: 52 | B53: Armor | C53: Shirt #297741384 | E53: 20 | F53: 20 | H53: 20 | I53: 3 | J53: 3 | K53: 3 | L53: 3 | S53: 25 | X53: Chest | Y53: Cloth | AE53: 332212 | AF53: 2278 | AG53: 4
A54: 53 | B54: Weapon | C54: Chicken Leg | E54: 20 | H54: 10 | I54: 10 | S54: 20 | V54: 23 | X54: OneHanded | Y54: OneHandedBlunt | AE54: 820012 | AF54: 20397 | AG54: 39 | AN54: 4
A55: 54 | B55: NoUse | C55: Taco | AE55: 820108 | AF55: 20398 | AM55: 99
A56: 55 | B56: Weapon | C56: Encased Blade of Wet | E56: 100 | H56: 50 | I56: 30 | S56: 45 | V56: 90 | X56: OneHanded | Y56: OneHandedSword | Z56: 5000 | AA56: 1 | AE56: 331381 | AF56: 2269 | AG56: 104 | AL56: 55 | AN56: 4
A57: 56 | B57: Weapon | C57: Encased Claw of Wet | E57: 75 | H57: 25 | I57: 10 | K57: 25 | S57: 45 | V57: 77 | X57: OneHanded | Y57: OneHandedSword | Z57: 5000 | AA57: 1 | AE57: 331371 | AF57: 2269 | AG57: 90 | AL57: 51
A58: 57 | B58: Weapon | C58: Staff of Frozen Rain | E58: 30 | F58: 100 | H58: 10 | L58: 25 | S58: 40 | V58: 35 | X58: TwoHanded | Y58: TwoHandedBlunt | AA58: 1 | AE58: 331349 | AF58: 2269 | AG58: 61 | AL58: 15 | AN58: 5
A59: 58 | B59: NoUse | C59: Gem of Power | Z59: 100 | AE59: 820502 | AF59: 20402 | AM59: 99
A60: 59 | B60: Scroll | C60: Scroll: Snowman Illusion | Z60: 200 | AE60: 820110 | AF60: 20398 | AQ60: 29
A61: 60 | B61: NoUse | C61: Ruby | Z61: 100 | AE61: 820401 | AF61: 20401 | AM61: 5
A62: 61 | B62: Scroll | C62: Scroll: Healing 2 | S62: 11 | Z62: 1100 | AA62: 1 | AE62: 820110 | AF62: 20398 | AL62: 31 | AQ62: 30
A63: 62 | B63: Scroll | C63: Scroll: Healing 3 | S63: 21 | Z63: 2100 | AA63: 1 | AE63: 820110 | AF63: 20398 | AL63: 31 | AQ63: 31
A64: 63 | B64: Scroll | C64: Scroll: Healing 4 | S64: 31 | Z64: 3100 | AA64: 1 | AE64: 820110 | AF64: 20398 | AL64: 31 | AQ64: 32
A65: 64 | B65: Scroll | C65: Scroll: Healing 5 | S65: 41 | Z65: 1000 | AA65: 1 | AE65: 820110 | AF65: 20398 | AL65: 31 | AQ65: 33
A66: 65 | B66: Scroll | C66: Scroll: Fortify 2 | S66: 16 | Z66: 1600 | AA66: 1 | AE66: 820110 | AF66: 20398 | AL66: 31 | AQ66: 34
A67: 66 | B67: Scroll | C67: Scroll: Fortify 3 | S67: 26 | Z67: 2600 | AA67: 1 | AE67: 820110 | AF67: 20398 | AL67: 31 | AQ67: 35
A68: 67 | B68: Scroll | C68: Scroll: Fortify 4 | S68: 36 | Z68: 3600 | AA68: 1 | AE68: 820110 | AF68: 20398 | AL68: 31 | AQ68: 36
A69: 68 | B69: Scroll | C69: Scroll: Fortify 5 | S69: 46 | Z69: 1000 | AA69: 1 | AE69: 820110 | AF69: 20398 | AL69: 31 | AQ69: 37
A70: 69 | B70: Scroll | C70: Scroll: Strength 1 | S70: 9 | Z70: 900 | AA70: 1 | AE70: 820110 | AF70: 20398 | AL70: 31 | AQ70: 38
A71: 70 | B71: Scroll | C71: Scroll: Strength 2 | S71: 19 | Z71: 1900 | AA71: 1 | AE71: 820110 | AF71: 20398 | AL71: 31 | AQ71: 39
A72: 71 | B72: Scroll | C72: Scroll: Strength 3 | S72: 29 | Z72: 2900 | AA72: 1 | AE72: 820110 | AF72: 20398 | AL72: 31 | AQ72: 40
A73: 72 | B73: Scroll | C73: Scroll: Strength 4 | S73: 39 | Z73: 1000 | AA73: 1 | AE73: 820110 | AF73: 20398 | AL73: 31 | AQ73: 41
... A86: 85 | B86: Scroll | C86: Scroll: Sacrifice | S86: 50 | Z86: 3400 | AA86: 1 | AE86: 820110 | AF86: 20398 | AL86: 31 | AQ86: 54
A87: 86 | B87: Scroll | C87: Rune: Fearsome Lash | S87: 50 | AA87: 1 | AE87: 820144 | AF87: 20398 | AL87: 59 | AQ87: 55
A88: 87 | B88: Scroll | C88: Rune: Sunder of Spirits | S88: 50 | AA88: 1 | AE88: 820145 | AF88: 20398 | AL88: 55 | AQ88: 56
A89: 88 | B89: OneTime | C89: Hair Dye: Black | Z89: 100 | AE89: 821122 | AF89: 20408 | AK89: 180 | AM89: 99 | AO89: 65
A90: 89 | B90: Armor | C90: Bronze Helmet | H90: 13 | S90: 18 | X90: Helmet | Y90: Plate | Z90: 800 | AE90: 332292 | AF90: 2278 | AG90: 52 | AH90: 20 | AI90: 65 | AJ90: 30 | AK90: 160 | AL90: 51
A91: 90 | B91: Armor | C91: Champions Helmet | H91: 36 | I91: 6 | J91: 6 | S91: 50 | X91: Helmet | Y91: Plate | AA91: 1 | AD91: 1 | AE91: 332238 | AF91: 2278 | AG91: 20 | AL91: 55
A92: 91 | B92: Armor | C92: Cloth Cap | H92: 4 | S92: 1 | X92: Helmet | Y92: Cloth | Z92: 200 | AE92: 332292 | AF92: 2278 | AG92: 52
A93: 92 | B93: Armor | C93: Curious Skull Helmet | H93: 77 | S93: 20 | X93: Helmet | Y93: Cloth | Z93: 35000 | AA93: 1 | AE93: 332292 | AF93: 2278 | AG93: 52 | AL93: 55
A94: 93 | B94: Armor | C94: Deceivers Helmet | H94: 29 | J94: 6 | L94: 6 | S94: 50 | X94: Helmet | Y94: Plate | AA94: 1 | AE94: 332238 | AF94: 2278 | AG94: 20 | AH94: 58 | AI94: 56 | AJ94: 56 | AK94: 180 | AL94: 59
A95: 94 | B95: Armor | C95: Devastators Helmet | E95: 100 | F95: 100 | H95: 95 | I95: 15 | J95: 15 | K95: 15 | L95: 15 | S95: 49 | X95: Helmet | Y95: Plate | AA95: 1 | AE95: 332215 | AF95: 2278 | AG95: 12 | AK95: 160 | AL95: 51
A96: 95 | B96: Armor | C96: Gold Helmet | E96: 50 | F96: 50 | H96: 100 | I96: 5 | K96: 5 | M96: 2 | N96: 2 | O96: 2 | P96: 2 | Q96: 2 | S96: 50 | X96: Helmet | Y96: Plate | AE96: 820251 | AF96: 20399 | AG96: 68 | AH96: 231 | AI96: 223 | AJ96: 107 | AK96: 160 | AL96: 51
A97: 96 | B97: Armor | C97: Hays Tail | F97: 50 | H97: 15 | I97: 5 | J97: 5 | K97: 5 | L97: 5 | S97: 1 | X97: Helmet | Y97: Cloth | AA97: 1 | AE97: 820051 | AF97: 20397 | AG97: 122 | AH97: 255 | AI97: 120 | AJ97: 0 | AK97: 180
A98: 97 | B98: Armor | C98: Iron Helmet | H98: 19 | S98: 26 | X98: Helmet | Y98: Plate | Z98: 1200 | AE98: 332292 | AF98: 2278 | AG98: 52 | AH98: 70 | AI98: 70 | AJ98: 70 | AK98: 140 | AL98: 51
A99: 98 | B99: Armor | C99: Leather Cap | H99: 7 | S99: 10 | X99: Helmet | Y99: Cloth | Z99: 400 | AE99: 332292 | AF99: 2278 | AG99: 52 | AL99: 19
A100: 99 | B100: Armor | C100: Lucky Laurels | E100: 75 | F100: 150 | H100: 50 | I100: 10 | J100: 10 | K100: 10 | L100: 10 | S100: 1 | X100: Helmet | Y100: Cloth | Z100: 300000 | AE100: 332295 | AF100: 2278 | AG100: 54 | AH100: 24 | AI100: 81 | AJ100: 33 | AK100: 160 | AO100: 71 | AR100: 10
A101: 100 | B101: Armor | C101: Priests Crown | H101: 24 | I101: 2 | J101: 2 | L101: 2 | S101: 40 | X101: Helmet | Y101: Cloth | AE101: 332240 | AF101: 2278 | AG101: 22 | AH101: 28 | AI101: 113 | AJ101: 216 | AK101: 180 | AL101: 31
A102: 101 | B102: Armor | C102: Silk Cap | H102: 8 | S102: 20 | X102: Helmet | Y102: Cloth | Z102: 800 | AE102: 332240 | AF102: 2278 | AG102: 22 | AL102: 15
A103: 102 | B103: Armor | C103: Spicy Laurels | E103: 150 | H103: 45 | L103: 20 | S103: 45 | X103: Helmet | Y103: Cloth | AA103: 1 | AE103: 332295 | AF103: 2278 | AG103: 54 | AH103: 148 | AI103: 48 | AJ103: 49 | AK103: 160 | AO103: 71
A104: 103 | B104: Armor | C104: Steel Helmet | H104: 25 | S104: 34 | X104: Helmet | Y104: Plate | Z104: 2000 | AE104: 332292 | AF104: 2278 | AG104: 52 | AH104: 100 | AI104: 100 | AJ104: 100 | AK104: 100 | AL104: 55
A105: 104 | B105: Armor | C105: True Ewe | E105: 25 | F105: 25 | H105: 55 | I105: 5 | J105: 5 | K105: 5 | L105: 5 | S105: 50 | X105: Helmet | Y105: Cloth | AA105: 1 | AE105: 332246 | AF105: 2278 | AG105: 32 | AO105: 74
A106: 105 | B106: Armor | C106: Wolfs Essence | E106: 100 | F106: 100 | H106: 100 | I106: 5 | J106: 5 | K106: 5 | L106: 5 | S106: 1 | X106: Helmet | Y106: Cloth | Z106: 50000 | AE106: 332246 | AF106: 2278 | AG106: 32 | AH106: 152 | AI106: 88 | AJ106: 196 | AK106: 170 | AO106: 182 | AR106: 5
A107: 106 | B107: Armor | C107: Bronze Legplates | H107: 20 | S107: 18 | X107: Pants | Y107: Plate | Z107: 1000 | AE107: 51332 | AF107: 2282 | AG107: 14 | AH107: 250 | AI107: 150 | AJ107: 50 | AK107: 140 | AL107: 51
A108: 107 | B108: Armor | C108: Champions Legplates | H108: 75 | I108: 4 | J108: 4 | K108: 4 | L108: 4 | S108: 50 | X108: Pants | Y108: Plate | AE108: 332232 | AF108: 2278 | AG108: 6 | AL108: 55
A109: 108 | B109: Armor | C109: Cloth Leggings | H109: 7 | S109: 1 | X109: Pants | Y109: Cloth | Z109: 250 | AE109: 332204 | AF109: 2278 | AG109: 1
A110: 109 | B110: Armor | C110: Gold Legplates | E110: 75 | H110: 75 | I110: 7 | J110: 7 | S110: 50 | X110: Pants | Y110: Plate | AE110: 332232 | AF110: 2278 | AG110: 6 | AH110: 231 | AI110: 223 | AJ110: 107 | AK110: 160 | AL110: 51
A111: 110 | B111: Armor | C111: Iron Legplates | H111: 29 | S111: 26 | X111: Pants | Y111: Plate | Z111: 1500 | AE111: 51332 | AF111: 2282 | AG111: 14 | AL111: 51
A112: 111 | B112: Armor | C112: Leather Leggings | H112: 9 | S112: 10 | X112: Pants | Y112: Cloth | Z112: 500 | AE112: 332204 | AF112: 2278 | AG112: 1 | AL112: 19
A113: 112 | B113: Armor | C113: Lucky Legplates | E113: 50 | H113: 35 | I113: 3 | J113: 3 | S113: 1 | X113: Pants | Y113: Plate | Z113: 5000 | AE113: 332232 | AF113: 2278 | AG113: 6 | AH113: 24 | AI113: 81 | AJ113: 33 | AK113: 160
A114: 113 | B114: Armor | C114: Silk Leggings | H114: 15 | S114: 20 | X114: Pants | Y114: Cloth | Z114: 1000 | AE114: 332204 | AF114: 2278 | AG114: 1 | AL114: 15
A115: 114 | B115: Armor | C115: Steel Legplates | H115: 40 | S115: 34 | X115: Pants | Y115: Plate | Z115: 2500 | AE115: 51332 | AF115: 2282 | AG115: 14 | AH115: 255 | AI115: 255 | AJ115: 255 | AK115: 70 | AL115: 55
A116: 115 | B116: Armor | C116: Moon Shield | H116: 25 | S116: 45 | X116: Shield | AA116: 1 | AE116: 332277 | AF116: 2278 | AG116: 70 | AN116: 4
A117: 116 | B117: Armor | C117: Fiber Buckler | H117: 30 | S117: 20 | X117: Shield | Z117: 2000 | AE117: 332225 | AF117: 2278 | AG117: 21 | AL117: 59 | AN117: 4
A118: 117 | B118: Armor | C118: Firebrand Buckler | H118: 60 | S118: 35 | X118: Shield | Z118: 3500 | AE118: 332225 | AF118: 2278 | AG118: 21 | AH118: 189 | AI118: 93 | AJ118: 90 | AK118: 160 | AL118: 59 | AN118: 4
...

Sheet NPCs
A1: ID | B1: type (Monster) | C1: name | D1: title | E1: surname | F1: respawn time | G1: facing (3) | H1: lvl (1) | I1: exp (0) | J1: aggro range (0) | K1: attack range (0) | L1: attack speed (2) | M1: move speed (2) | N1: stationary (0) | O1: stunnable (0) | P1: rootable (0) | Q1: slowable (0) | R1: invincible (0) | S1: hp (0) | T1: mp (0) | U1: sp (0) | V1: class id | W1: ac (0) | X1: str (0) | Y1: sta (0) | Z1: dex (0) | AA1: int (0) | AB1: fr (0) | AC1: wr (0) | AD1: sr (0) | AE1: ar (0) | AF1: er (0) | AG1: body state (3) | AH1: body id (1) | AI1: body r | AJ1: body g | AK1: body b | AL1: body a | AM1: face id (0) | AN1: hair id (0) | AO1: hair r | AP1: hair g | AQ1: hair b | AR1: hair a | AS1: equipped items (0,*,0,*,0,*,0,*,0,*,0,*) | AT1: weapon dmg (1) | AU1: armor pierce | AV1: hp % reg | AW1: hp static reg | AX1: mp % reg | AY1: mp static reg | AZ1: alliance | BA1: stuck behaviour (DoNothing) | BB1: stuck timeout (20) | BC1: credit dealer (0) | BD1: quest ids | BE1: script_path | BF1: script params
A2: 1 | B2: 2 | C2: Mouse | F2: 40 | I2: 20 | K2: 1 | L2: 1.5 | V2: 4 | AH2: 10113 | AT2: 4
A3: 2 | B3: 2 | C3: Lamb | F3: 40 | H3: 2 | I3: 40 | K3: 1 | L3: 1.5 | V3: 4 | AH3: 10114 | AT3: 6
A4: 3 | B4: 2 | C4: Fluffy Little Bunny | F4: 30 | H4: 4 | I4: 104 | J4: 1 | K4: 1 | L4: 1.4 | M4: 1.5 | N4: 1 | Q4: 1 | V4: 4 | AH4: 10140 | AT4: 9 | AZ4: 3
A5: 4 | B5: 2 | C5: Rabid Rabbit | F5: 30 | H5: 8 | I5: 186 | J5: 2 | K5: 1 | L5: 1.4 | M5: 1.3 | N5: 1 | Q5: 1 | V5: 4 | AH5: 10141 | AT5: 18 | AZ5: 3 4
A6: 5 | B6: 2 | C6: Cottontail | F6: 1800 | H6: 9 | I6: 250 | J6: 1 | K6: 1 | L6: 1.5 | M6: 1.5 | N6: 1 | Q6: 1 | V6: 2 | AH6: 121 | AT6: 28 | AZ6: 3 4
A7: 6 | B7: 2 | C7: Asp | F7: 30 | H7: 6 | I7: 124 | J7: 1 | K7: 1 | L7: 1.4 | M7: 1.3 | Q7: 1 | V7: 2 | AH7: 123 | AT7: 13 | AZ7: 6
A8: 7 | B8: 2 | C8: Bat | F8: 30 | H8: 12 | I8: 266 | J8: 3 | K8: 1 | L8: 1.4 | M8: 1.5 | Q8: 1 | V8: 2 | AH8: 10100 | AT8: 38 | AZ8: 7
A9: 8 | B9: 2 | C9: Cow | F9: 30 | H9: 21 | I9: 448 | K9: 1 | L9: 1.5 | M9: 1.5 | Q9: 1 | V9: 2 | AH9: 116 | AT9: 90
A10: 9 | B10: 2 | C10: Ram | F10: 30 | H10: 18 | I10: 368 | K10: 1 | L10: 1.5 | M10: 1.5 | Q10: 1 | V10: 2 | AH10: 10104 | AT10: 72
A11: 10 | B11: 2 | C11: Weak Zombie | F11: 30 | H11: 20 | I11: 404 | J11: 2 | K11: 1 | L11: 1.3 | M11: 1.3 | Q11: 1 | V11: 4 | AH11: 169 | AT11: 80 | AZ11: 10
A12: 11 | B12: 2 | C12: Weak Skeleton | F12: 60 | H12: 30 | I12: 609 | J12: 3 | K12: 1 | L12: 1.5 | N12: 1 | P12: 1 | Q12: 1 | V12: 3 | AH12: 10106 | AT12: 150 | AZ12: 11 12 13 14 15 16 17
A13: 12 | B13: 2 | C13: Weak Skeleton | F13: 60 | H13: 30 | I13: 609 | J13: 3 | K13: 1 | L13: 1.5 | P13: 1 | Q13: 1 | V13: 3 | AH13: 10106 | AT13: 150 | AZ13: 11 12 13 14 15 16 17
A14: 13 | B14: 2 | C14: Skeleton | F14: 60 | H14: 35 | I14: 709 | J14: 4 | K14: 1 | L14: 1.5 | N14: 1 | O14: 1 | Q14: 1 | V14: 3 | AH14: 10106 | AT14: 180 | AZ14: 11 12 13 15 16 17
A15: 14 | B15: 2 | C15: Servant of the Dead | F15: 60 | H15: 40 | I15: 809 | J15: 4 | K15: 1 | L15: 1.5 | M15: 1.3 | N15: 1 | Q15: 1 | V15: 3 | AH15: 10125 | AT15: 210 | AZ15: 11 12 13 14 15 16 17
A16: 15 | B16: 2 | C16: Boney | F16: 3600 | H16: 42 | I16: 1000 | J16: 4 | K16: 1 | L16: 1.5 | M16: 1.3 | N16: 1 | Q16: 1 | V16: 3 | AH16: 10125 | AT16: 240 | AZ16: 11 12 13 14 15 16 17
A17: 16 | B17: 2 | C17: Misplaced Spouse | F17: 3600 | H17: 43 | I17: 1100 | J17: 4 | K17: 1 | L17: 1.5 | M17: 1.3 | N17: 1 | Q17: 1 | V17: 3 | AH17: 10125 | AT17: 240 | AZ17: 11 12 13 14 15 16 17
A18: 17 | B18: 2 | C18: Record Keeper | F18: 3600 | H18: 45 | I18: 1200 | J18: 5 | K18: 1 | L18: 1 | M18: 1.3 | N18: 1 | Q18: 1 | V18: 3 | AH18: 10125 | AT18: 270 | AZ18: 11 12 13 14 15 16 17
A19: 18 | B19: 2 | C19: Piglet | F19: 30 | H19: 21 | I19: 400 | J19: 1 | K19: 1 | L19: 1.4 | M19: 1.4 | O19: 1 | P19: 1 | Q19: 1 | V19: 4 | AH19: 109 | AT19: 57 | AZ19: 18 19
A20: 19 | B20: 2 | C20: Flying Piglet | F20: 3600 | H20: 23 | I20: 600 | J20: 3 | K20: 1 | L20: 1.2 | M20: 1.2 | P20: 1 | Q20: 1 | V20: 3 | AH20: 134 | AT20: 72 | AZ20: 18 19
A21: 20 | B21: 2 | C21: Lost Wabbit | F21: 60 | H21: 12 | I21: 246 | J21: 2 | K21: 1 | L21: 1.3 | M21: 1.5 | N21: 1 | Q21: 1 | V21: 4 | AH21: 10139 | AT21: 51 | AZ21: 20 21 22 23
A22: 21 | B22: 2 | C22: Cute Defenseless Stalker | F22: 60 | H22: 15 | I22: 306 | J22: 2 | K22: 1 | L22: 1.3 | M22: 1.5 | N22: 1 | Q22: 1 | V22: 2 | AH22: 10138 | AT22: 58 | AZ22: 20 21 22 23
A23: 22 | B23: 2 | C23: Roger | F23: 3600 | H23: 14 | I23: 356 | J23: 3 | K23: 1 | L23: 1.3 | M23: 1.3 | N23: 1 | Q23: 1 | V23: 3 | AH23: 121 | AT23: 60 | AZ23: 20 21 22 23
A24: 23 | B24: 2 | C24: Leafeater | F24: 3600 | H24: 17 | I24: 406 | J24: 3 | K24: 1 | L24: 1.3 | M24: 1.3 | N24: 1 | Q24: 1 | V24: 3 | AH24: 121 | AT24: 69 | AZ24: 20 21 22 23
A25: 24 | B25: 2 | C25: Pipsqueek | F25: 30 | H25: 12 | I25: 246 | J25: 1 | K25: 1 | L25: 1.4 | M25: 1.4 | O25: 1 | P25: 1 | Q25: 1 | V25: 4 | AH25: 109 | AT25: 57 | AZ25: 24 25
A26: 25 | B26: 2 | C26: Flying Pipsqueek | F26: 3600 | H26: 14 | I26: 400 | J26: 3 | K26: 1 | L26: 1.2 | M26: 1.2 | P26: 1 | Q26: 1 | V26: 3 | AH26: 134 | AT26: 60 | AZ26: 24 25
A27: 26 | B27: 2 | C27: Fire Asp | F27: 30 | H27: 25 | I27: 508 | J27: 1 | K27: 1 | L27: 1.3 | M27: 1.3 | Q27: 1 | V27: 4 | AH27: 10122 | AT27: 96 | AZ27: 26 27 28
A28: 27 | B28: 2 | C28: Naga Warrior | F28: 30 | H28: 28 | I28: 568 | J28: 2 | K28: 1 | L28: 1.5 | M28: 1.3 | P28: 1 | Q28: 1 | V28: 3 | AG28: 4 | AH28: 1 | AM28: 1 | AS28: 15,192,28,40,180,12,148,231,148,160,0,*,0,*,0,*,10,* | AT28: 112 | AZ28: 26 27 28
A29: 28 | B29: 2 | C29: Naga Rogue | F29: 30 | H29: 30 | I29: 608 | J29: 2 | K29: 1 | L29: 1.1 | M29: 1.3 | P29: 1 | Q29: 1 | V29: 2 | AG29: 4 | AH29: 1 | AM29: 1 | AS29: 15,192,28,40,180,12,148,231,148,160,0,*,0,*,0,*,11,* | AT29: 105 | AZ29: 26 27 28
A30: 29 | B30: 2 | C30: Frozen Waste | F30: 60 | H30: 35 | I30: 709 | J30: 2 | K30: 1 | L30: 1.5 | M30: 1.2 | N30: 1 | Q30: 1 | V30: 3 | AH30: 114 | AT30: 126 | AZ30: 29 30 31 32 33
A31: 30 | B31: 2 | C31: Frozen Waste | F31: 60 | H31: 35 | I31: 709 | J31: 2 | K31: 1 | L31: 1.5 | M31: 1.2 | Q31: 1 | V31: 3 | AH31: 114 | AT31: 126 | AZ31: 29 30 31 32 33
A32: 31 | B32: 2 | C32: Iceman | F32: 60 | H32: 30 | I32: 609 | J32: 2 | K32: 1 | L32: 1.5 | M32: 1.4 | N32: 1 | Q32: 1 | V32: 3 | AH32: 114 | AT32: 111 | AZ32: 29 30 31 32 33
A33: 32 | B33: 2 | C33: Iceman | F33: 60 | H33: 30 | I33: 609 | J33: 2 | K33: 1 | L33: 1.5 | M33: 1.3 | Q33: 1 | V33: 3 | AH33: 114 | AT33: 111 | AZ33: 29 30 31 32 33
A34: 33 | B34: 2 | C34: Frosty | F34: 14400 | H34: 45 | I34: 2109 | J34: 6 | K34: 2 | L34: 1 | M34: 1 | N34: 1 | Q34: 1 | S34: 12000 | V34: 3 | AH34: 153 | AT34: 808 | AZ34: 29 30 31 32 33
A35: 34 | B35: 2 | C35: Weak Persecution | F35: 30 | H35: 35 | I35: 708 | J35: 1 | K35: 1 | L35: 1.4 | M35: 1.4 | O35: 1 | Q35: 1 | V35: 2 | AH35: 128 | AT35: 135 | AZ35: 34 35
A36: 35 | B36: 2 | C36: Moldy Persecution | F36: 30 | H36: 40 | I36: 830 | J36: 3 | K36: 1 | L36: 1.4 | M36: 1.4 | O36: 1 | Q36: 1 | V36: 2 | AH36: 128 | AT36: 147 | AZ36: 34 35
A37: 36 | B37: 2 | C37: Private Persecution | F37: 30 | H37: 40 | I37: 809 | J37: 2 | K37: 1 | L37: 1.4 | M37: 1.4 | N37: 1 | O37: 1 | Q37: 1 | V37: 4 | AH37: 128 | AT37: 141 | AZ37: 36 37
A38: 37 | B38: 2 | C38: Sergeant Persecution | F38: 3600 | H38: 45 | I38: 1309 | J38: 2 | K38: 3 | L38: 1.4 | M38: 1.4 | N38: 1 | Q38: 1 | V38: 3 | AH38: 128 | AT38: 665 | AZ38: 36
A39: 38 | B39: 2 | C39: Strong Persecution | F39: 30 | H39: 50 | I39: 1310 | J39: 3 | K39: 3 | L39: 1.3 | M39: 1.3 | N39: 1 | Q39: 1 | S39: 13362 | V39: 3 | AH39: 128 | AT39: 330 | AZ39: 34 35 36 37 38
A40: 39 | B40: 2 | C40: Persecution | F40: 30 | H40: 50 | I40: 909 | J40: 2 | K40: 1 | L40: 1.4 | M40: 1.3 | Q40: 1 | V40: 3 | AH40: 128 | AT40: 165 | AZ40: 39 49
A41: 40 | B41: 2 | C41: Green Slime | F41: 30 | H41: 12 | I41: 246 | J41: 3 | K41: 1 | L41: 1.3 | M41: 1.3 | O41: 1 | P41: 1 | Q41: 1 | V41: 3 | AH41: 10110 | AT41: 48 | AZ41: 40 41 42 43 44 45
A42: 41 | B42: 2 | C42: Slime | F42: 30 | H42: 13 | I42: 266 | J42: 3 | K42: 1 | L42: 1.3 | M42: 1.3 | O42: 1 | P42: 1 | Q42: 1 | V42: 3 | AH42: 10109 | AT42: 54 | AZ42: 40 41 42 43 44 45
A43: 42 | B43: 2 | C43: Pink Slime | F43: 30 | H43: 14 | I43: 286 | J43: 3 | K43: 1 | L43: 1.3 | M43: 1.3 | O43: 1 | P43: 1 | Q43: 1 | V43: 3 | AH43: 10111 | AT43: 57 | AZ43: 40 41 42 43 44 45
A44: 43 | B44: 2 | C44: Gold Slime | F44: 30 | H44: 15 | I44: 308 | J44: 3 | K44: 1 | L44: 1.3 | M44: 1.3 | O44: 1 | P44: 1 | Q44: 1 | V44: 3 | AH44: 10108 | AT44: 63 | AZ44: 40 41 42 43 44 45
A45: 44 | B45: 2 | C45: Blue Slime | F45: 30 | H45: 20 | I45: 408 | J45: 3 | K45: 1 | L45: 1.3 | M45: 1.3 | O45: 1 | P45: 1 | Q45: 1 | V45: 3 | AH45: 10120 | AT45: 81 | AZ45: 40 41 42 43 44 45
A46: 45 | B46: 2 | C46: Red Slime | F46: 30 | H46: 16 | I46: 338 | J46: 3 | K46: 1 | L46: 1.3 | M46: 1.3 | O46: 1 | P46: 1 | Q46: 1 | V46: 3 | AH46: 10107 | AT46: 66 | AZ46: 40 41 42 43 44 45
A47: 46 | B47: 2 | C47: King Goo | F47: 3600 | H47: 20 | I47: 448 | J47: 2 | K47: 1 | L47: 1.3 | M47: 1.3 | N47: 1 | O47: 1 | Q47: 1 | V47: 3 | AH47: 10120 | AT47: 87 | AZ47: 40 41 42 43 44 45
A48: 47 | B48: 2 | C48: Sliminator | F48: 3600 | H48: 22 | I48: 448 | J48: 2 | K48: 1 | L48: 1.3 | M48: 1.3 | N48: 1 | Q48: 1 | V48: 3 | AH48: 10120 | AT48: 90 | AZ48: 40 41 42 43 44 45
A49: 48 | B49: 2 | C49: Goo Jr. | F49: 7200 | H49: 28 | I49: 600 | J49: 2 | K49: 1 | L49: 1.3 | M49: 1.3 | N49: 1 | Q49: 1 | V49: 3 | AH49: 117 | AT49: 114 | AZ49: 40 41 42 43 44 45
A50: 49 | B50: 2 | C50: Strong Persecution | F50: 30 | H50: 50 | I50: 1310 | J50: 3 | K50: 3 | L50: 1.3 | M50: 1.3 | Q50: 1 | S50: 13362 | V50: 3 | AH50: 128 | AT50: 330 | AZ50: 39 49
A51: 50 | B51: 2 | C51: Nagan Beast | F51: 60 | H51: 50 | I51: 1049 | J51: 2 | K51: 1 | L51: 1 | M51: 1 | N51: 1 | P51: 1 | Q51: 1 | S51: 9934 | V51: 3 | AH51: 1 | AM51: 1 | AS51: 0,*,12,*,0,*,0,*,0,*,0,* | AT51: 1100 | AZ51: 50 51 52 53
A52: 51 | B52: 2 | C52: Nagan Magus | F52: 60 | H52: 50 | I52: 949 | J52: 3 | K52: 4 | L52: 1 | M52: 1 | N52: 1 | O52: 1 | P52: 1 | Q52: 1 | S52: 4948 | V52: 4 | AG52: 5 | AH52: 1 | AM52: 1 | AS52: 20,*,12,*,0,*,0,*,0,*,13,* | AT52: 949 | AZ52: 50 51 52 53
A53: 52 | B53: 2 | C53: Nagan Priest | F53: 60 | H53: 50 | I53: 949 | J53: 3 | K53: 1 | L53: 1 | M53: 1 | N53: 1 | O53: 1 | P53: 1 | Q53: 1 | S53: 7142 | V53: 5 | AG53: 5 | AH53: 1 | AM53: 1 | AS53: 118,*,22,*,0,*,0,*,0,*,44,* | AT53: 800 | AZ53: 50 51 52 53
A54: 53 | B54: 2 | C54: Udyana | F54: 7200 | H54: 50 | I54: 6000 | J54: 4 | K54: 3 | L54: 1 | M54: 1 | P54: 1 | Q54: 1 | S54: 262366 | V54: 3 | AG54: 4 | AH54: 1 | AM54: 1 | AS54: 11,74,121,41,160,12,*,0,*,0,*,0,*,246,* | AT54: 5000 | AZ54: 50 51 52 53
A55: 54 | B55: 2 | C55: Complex | F55: 7200 | H55: 50 | I55: 1210 | J55: 4 | K55: 2 | L55: 1.2 | M55: 1.2 | N55: 1 | Q55: 1 | S55: 73130 | V55: 3 | AH55: 128 | AT55: 1500 | AZ55: 54 55
A56: 55 | B56: 2 | C56: Simple | F56: 45 | H56: 50 | I56: 1009 | J56: 4 | K56: 1 | L56: 1.2 | M56: 1.2 | N56: 1 | Q56: 1 | S56: 15206 | V56: 3 | AH56: 128 | AT56: 1000 | AZ56: 54 55
A57: 56 | B57: 2 | C57: Spook | F57: 30 | H57: 50 | I57: 949 | J57: 3 | K57: 1 | L57: 1.1 | M57: 0.8 | N57: 1 | P57: 1 | Q57: 1 | S57: 7170 | V57: 3 | AH57: 10101 | AT57: 400 | AZ57: 56 57 58 59 60
A58: 57 | B58: 2 | C58: Ghast | F58: 30 | H58: 50 | I58: 969 | J58: 3 | K58: 1 | L58: 1.1 | M58: 0.8 | N58: 1 | Q58: 1 | S58: 11508 | V58: 3 | AH58: 10102 | AT58: 500 | AZ58: 56 57 58 59 60
A59: 58 | B59: 2 | C59: ImaBitStale | F59: 7200 | H59: 50 | I59: 1210 | J59: 4 | K59: 1 | L59: 1.1 | M59: 0.8 | N59: 1 | Q59: 1 | S59: 60206 | V59: 3 | AH59: 10103 | AT59: 1600 | AZ59: 56 57 58 59 60
A60: 59 | B60: 2 | C60: Ecto | F60: 7200 | H60: 50 | I60: 1820 | J60: 3 | K60: 1 | L60: 1.1 | M60: 0.8 | N60: 1 | Q60: 1 | S60: 38206 | V60: 3 | AH60: 10103 | AT60: 750 | AZ60: 56 57 58 59 60
A61: 60 | B61: 2 | C61: Punchy | F61: 9600 | H61: 50 | I61: 2510 | J61: 4 | K61: 2 | L61: 1.1 | M61: 1.1 | N61: 1 | Q61: 1 | S61: 140774 | V61: 3 | AH61: 125 | AT61: 5000 | AZ61: 56 57 58 59 60 | BA61: 2
A62: 61 | B62: 2 | C62: Rabid Savage | F62: 30 | H62: 50 | I62: 1910 | J62: 3 | K62: 1 | L62: 1 | M62: 1 | N62: 1 | O62: 1 | Q62: 1 | S62: 17130 | V62: 3 | AG62: 4 | AM62: 3 | AS62: 0,*,0,*,0,*,0,*,0,*,31,* | AT62: 1400 | AZ62: 61 62 63 64 65 66 67 68
A63: 62 | B63: 2 | C63: Hungry Savage | F63: 30 | H63: 50 | I63: 2410 | J63: 3 | K63: 1 | L63: 1 | M63: 1 | N63: 1 | O63: 1 | Q63: 1 | S63: 46774 | V63: 3 | AG63: 4 | AH63: 11 | AM63: 1 | AS63: 0,*,0,*,0,*,0,*,0,*,31,* | AT63: 2300 | AZ63: 61 62 63 64 65 66 67 68
A64: 63 | B64: 2 | C64: Savage | F64: 30 | H64: 50 | I64: 1010 | J64: 3 | K64: 1 | L64: 1 | M64: 1 | N64: 1 | O64: 1 | Q64: 1 | S64: 3206 | V64: 3 | AG64: 4 | AM64: 2 | AS64: 0,*,0,*,0,*,0,*,0,*,31,* | AT64: 1200 | AZ64: 61 62 63 64 65 66 67 68
A65: 64 | B65: 2 | C65: Paranoid Savage | F65: 30 | H65: 50 | I65: 3510 | J65: 2 | K65: 1 | L65: 1 | M65: 1 | N65: 1 | O65: 1 | P65: 1 | Q65: 1 | S65: 79366 | V65: 3 | AG65: 4 | AM65: 3 | AS65: 0,*,0,*,0,*,0,*,0,*,98,* | AT65: 3500 | AZ65: 61 62 63 64 65 66 67 68
A66: 65 | B66: 2 | C66: Beefcake | F66: 28800 | H66: 50 | I66: 6000 | J66: 4 | K66: 3 | L66: 1 | M66: 1 | N66: 1 | Q66: 1 | S66: 1021221 | V66: 3 | AH66: 129 | AT66: 20000 | AV66: 0.01 | AZ66: 61 62 63 64 65 66 67 68 | BA66: 2
A67: 66 | B67: 2 | C67: Copycat | F67: 14400 | H67: 50 | I67: 1910 | J67: 3 | K67: 3 | L67: 1 | M67: 1 | N67: 1 | Q67: 1 | S67: 407690 | V67: 5 | AG67: 4 | AH67: 11 | AM67: 1 | AS67: 0,*,0,*,1,*,0,*,0,*,72,* | AT67: 10000 | AZ67: 61 62 63 64 65 66 67 68 | BA67: 2
A68: 67 | B68: 2 | C68: Insanity | F68: 14400 | H68: 50 | I68: 2610 | J68: 3 | K68: 3 | L68: 1 | M68: 1 | N68: 1 | Q68: 1 | S68: 666888 | V68: 3 | AG68: 4 | AM68: 3 | AS68: 0,*,4,*,1,0,0,0,160,0,*,0,*,1,* | AT68: 11200 | AZ68: 61 62 63 64 65 66 67 68 | BA68: 2
A69: 68 | B69: 2 | C69: Showboat | F69: 14400 | H69: 50 | I69: 2310 | J69: 3 | K69: 3 | L69: 1 | M69: 1 | N69: 1 | Q69: 1 | S69: 399502 | V69: 3 | AG69: 5 | AM69: 3 | AS69: 15,192,28,40,180,22,224,27,36,180,1,224,27,36,180,0,*,0,*,61,* | AT69: 10800 | AZ69: 61 62 63 64 65 66 67 68 | BA69: 2
A70: 69 | B70: 2 | C70: Savage Isle Guard | F70: 30 | H70: 50 | I70: 1000 | J70: 3 | K70: 3 | L70: 1 | M70: 1 | N70: 1 | Q70: 1 | S70: 4206 | V70: 3 | AH70: 11 | AM70: 3 | AN70: 36 | AS70: 0,*,22,*,0,*,0,*,0,*,0,* | AT70: 2000 | AZ70: 69
A71: 70 | B71: 2 | C71: Worthless Guardian | F71: 40 | H71: 50 | I71: 1400 | J71: 4 | K71: 2 | L71: 1 | M71: 1 | N71: 1 | Q71: 1 | S71: 41206 | V71: 3 | AH71: 128 | AT71: 900 | AZ71: 70 71 72 73 74
A72: 71 | B72: 2 | C72: Little Fat Bastard | F72: 9000 | H72: 50 | I72: 1100 | J72: 3 | K72: 2 | L72: 1.3 | M72: 1.3 | N72: 1 | P72: 1 | Q72: 1 | S72: 1017188 | V72: 3 | AH72: 128 | AT72: 20100 | AZ72: 70 71 72 73 74
A73: 72 | B73: 2 | C73: Hay | F73: 10800 | H73: 50 | I73: 3000 | J73: 4 | K73: 3 | L73: 1 | M73: 1 | N73: 1 | Q73: 1 | S73: 215502 | V73: 3 | AS73: 11,66,73,165,160,122,255,120,0,180,1,*,4,*,0,*,90,* | AT73: 4200 | AZ73: 70 71 72 73 74 | BA73: 2
A74: 73 | B74: 2 | C74: Fray | F74: 10800 | H74: 50 | I74: 2710 | J74: 4 | K74: 3 | L74: 1 | M74: 1 | N74: 1 | Q74: 1 | S74: 169502 | V74: 3 | AG74: 5 | AS74: 15,192,28,40,180,0,*,1,*,2,237,51,59,180,0,*,22,* | AT74: 3800 | AZ74: 70 71 72 73 74 | BA74: 2
A75: 74 | B75: 2 | C75: One with Head Thingy | F75: 50 | H75: 50 | I75: 1440 | J75: 4 | K75: 1 | L75: 1.2 | M75: 1.2 | N75: 1 | Q75: 1 | S75: 16188 | V75: 3 | AH75: 128 | AT75: 1100 | AZ75: 70 71 72 73 74
A76: 75 | B76: 2 | C76: Ancient Warrior | F76: 1800 | H76: 50 | I76: 23000 | J76: 4 | K76: 1 | L76: 1.2 | M76: 1.3 | N76: 1 | Q76: 1 | S76: 460502 | V76: 3 | AG76: 4 | AH76: 1 | AN76: 14 | AS76: 36,130,60,150,100,0,*,0,*,0,*,0,*,2,* | AT76: 20000 | AV76: 0.02 | AZ76: 75 76 | BA76: 1
A77: 76 | B77: 2 | C77: Elite Ancient Warrior | F77: 3600 | H77: 50 | I77: 50000 | J77: 7 | K77: 2 | L77: 1 | M77: 1.3 | Q77: 1 | S77: 890502 | V77: 3 | AG77: 4 | AH77: 1 | AS77: 11,60,80,230,140,20,*,0,*,0,*,0,*,316,* | AT77: 40000 | AV77: 0.02 | AZ77: 76 | BA77: 2
A78: 77 | B78: 2 | C78: Comissioned Blacksmith | F78: 14400 | H78: 50 | I78: 75000 | J78: 1 | K78: 1 | N78: 1 | Q78: 1 | S78: 1000502 | V78: 3 | AH78: 10126 | AT78: 12000 | AV78: 0.02 | BA78: 1
A79: 78 | B79: 2 | C79: Comissioned Tailor | F79: 14400 | H79: 50 | I79: 75000 | J79: 1 | K79: 1 | N79: 1 | Q79: 1 | S79: 1000502 | V79: 3 | AH79: 10116 | AT79: 12000 | AV79: 0.02 | BA79: 1
A80: 79 | B80: 2 | C80: Dalph Von'Ownu | F80: 28800 | H80: 50 | I80: 100000 | J80: 4 | K80: 2 | L80: 1 | M80: 1 | N80: 1 | Q80: 1 | S80: 1000502 | V80: 3 | AG80: 5 | AM80: 1 | AS80: 36,130,60,150,100,68,130,60,150,100,6,170,80,100,100,4,170,80,100,100,0,*,20,* | AT80: 90000 | AV80: 0.02 | AZ80: 75 76 79 80 81 82 83 | BA80: 1
A81: 80 | B81: 2 | C81: Hairy Fairy Princess | F81: 28800 | H81: 50 | I81: 100000 | J81: 4 | K81: 2 | L81: 1 | M81: 1 | N81: 1 | Q81: 1 | S81: 1000502 | V81: 3 | AG81: 4 | AS81: 3,251,170,255,180,0,*,1,224,27,36,180,2,237,51,59,180,0,*,29,* | AT81: 80000 | AV81: 0.02 | AZ81: 75 76 79 80 81 82 83 | BA81: 1
A82: 81 | B82: 2 | C82: Lady Slither | F82: 28800 | H82: 50 | I82: 100000 | J82: 5 | K82: 3 | L82: 1 | M82: 1 | N82: 1 | Q82: 1 | S82: 1000502 | V82: 3 | AH82: 11 | AS82: 13,*,62,*,0,*,0,*,0,*,0,* | AT82: 70000 | AV82: 0.02 | AZ82: 75 76 79 80 81 82 83 | BA82: 1
A83: 82 | B83: 2 | C83: Sir Insidious | F83: 28800 | H83: 50 | I83: 100000 | J83: 5 | K83: 3 | L83: 1 | M83: 1 | N83: 1 | Q83: 1 | S83: 1000502 | V83: 3 | AH83: 1 | AS83: 15,*,61,*,0,*,0,*,0,*,0,* | AT83: 70000 | AV83: 0.02 | AZ83: 75 76 79 80 81 82 83 | BA83: 1
A84: 83 | B84: 2 | C84: Ztwel Tahp | F84: 28800 | H84: 50 | I84: 100000 | J84: 3 | K84: 3 | L84: 1 | M84: 1 | N84: 1 | P84: 1 | Q84: 1 | S84: 1000502 | V84: 3 | AM84: 1 | AN84: 31 | AS84: 0,*,11,*,0,*,0,*,0,*,0,* | AT84: 90000 | AV84: 0.02 | AZ84: 75 76 79 80 81 82 83
A85: 84 | B85: 13 | C85: Hair Dye Guy | F85: 30 | H85: 50 | L85: 0 | M85: 0 | N85: 1 | R85: 1 | V85: 3 | AM85: 1 | AN85: 31 | AS85: 12,*,0,*,0,*,0,*,0,*,0,* | AT85: 70000 | AV85: 0.2
A86: 85 | B86: 13 | C86: Hair 1 | F86: 30 | H86: 50 | L86: 0 | M86: 0 | N86: 1 | R86: 1 | V86: 3 | AN86: 31 | AT86: 70000 | AV86: 0.2
A87: 86 | B87: 13 | C87: Hair 2 | F87: 30 | H87: 50 | L87: 0 | M87: 0 | N87: 1 | R87: 1 | V87: 3 | AN87: 32 | AT87: 70000 | AV87: 0.2
A88: 87 | B88: 13 | C88: Hair 3 | F88: 30 | H88: 50 | L88: 0 | M88: 0 | N88: 1 | R88: 1 | V88: 3 | AN88: 33 | AT88: 70000 | AV88: 0.2
A89: 88 | B89: 13 | C89: Hair 4 | F89: 30 | H89: 50 | L89: 0 | M89: 0 | N89: 1 | R89: 1 | V89: 3 | AN89: 34 | AT89: 70000 | AV89: 0.2
A90: 89 | B90: 13 | C90: Hair 5 | F90: 30 | H90: 50 | L90: 0 | M90: 0 | N90: 1 | R90: 1 | V90: 3 | AN90: 35 | AT90: 70000 | AV90: 0.2
A91: 90 | B91: 13 | C91: Hair 6 | F91: 30 | H91: 50 | L91: 0 | M91: 0 | N91: 1 | R91: 1 | V91: 3 | AN91: 36 | AT91: 70000 | AV91: 0.2
A92: 91 | B92: 13 | C92: Hair 7 | F92: 30 | H92: 50 | L92: 0 | M92: 0 | N92: 1 | R92: 1 | V92: 3 | AT92: 70000 | AV92: 0.2
A93: 92 | B93: 13 | C93: Face 1 | F93: 30 | H93: 50 | L93: 0 | M93: 0 | N93: 1 | R93: 1 | V93: 3 | AM93: 1 | AT93: 70000 | AV93: 0.2
A94: 93 | B94: 13 | C94: Face 2 | F94: 30 | H94: 50 | L94: 0 | M94: 0 | N94: 1 | R94: 1 | V94: 3 | AM94: 1 | AT94: 70000 | AV94: 0.2
A95: 94 | B95: 13 | C95: Face 3 | F95: 30 | H95: 50 | L95: 0 | M95: 0 | N95: 1 | R95: 1 | V95: 3 | AM95: 3 | AT95: 70000 | AV95: 0.2
A96: 95 | B96: 13 | C96: Face 4 | F96: 30 | H96: 50 | L96: 0 | M96: 0 | N96: 1 | R96: 1 | V96: 3 | AM96: 2 | AT96: 70000 | AV96: 0.2
A97: 96 | B97: 13 | C97: Male | F97: 30 | H97: 50 | L97: 0 | M97: 0 | N97: 1 | R97: 1 | V97: 3 | AT97: 70000 | AV97: 0.2
A98: 97 | B98: 13 | C98: Female | F98: 30 | H98: 50 | L98: 0 | M98: 0 | N98: 1 | R98: 1 | V98: 3 | AH98: 11 | AT98: 70000 | AV98: 0.2
A99: 98 | B99: 13 | C99: Magus Trainer | F99: 30 | H99: 50 | L99: 0 | M99: 0 | N99: 1 | R99: 1 | V99: 3 | AG99: 5 | AM99: 1 | AN99: 34 | AS99: 15,192,28,40,180,22,224,27,36,180,1,224,27,36,180,2,237,51,59,180,0,*,171,* | AT99: 70000 | AV99: 0.2 | BD99: 2
A100: 99 | B100: 13 | C100: Priest Trainer | F100: 30 | H100: 50 | L100: 0 | M100: 0 | N100: 1 | R100: 1 | V100: 3 | AG100: 4 | AM100: 1 | AN100: 33 | AS100: 15,*,22,28,113,216,180,1,28,113,216,180,2,181,131,90,180,0,*,72,* | AT100: 70000 | AV100: 0.2 | BD100: 4
...

Sheet NPC Spawns
A1: npc id | B1: map id | C1: map x | D1: map y | F1: NPC Name (Don't touch) | G1: Map Name (Don't touch)
A2: 1 | B2: 1 | C2: 80 | D2: 35 | F2: =LOOKUP(A2, NPCs!A:A, NPCs!C:C) -> Mouse | G2: =LOOKUP(B2, Maps!A:A, Maps!B:B) -> Minita
A3: 1 | B3: 1 | C3: 85 | D3: 35 | F3: =LOOKUP(A3, NPCs!A:A, NPCs!C:C) -> Mouse | G3: =LOOKUP(B3, Maps!A:A, Maps!B:B) -> Minita
A4: 1 | B4: 1 | C4: 90 | D4: 35 | F4: =LOOKUP(A4, NPCs!A:A, NPCs!C:C) -> Mouse | G4: =LOOKUP(B4, Maps!A:A, Maps!B:B) -> Minita
A5: 1 | B5: 1 | C5: 80 | D5: 40 | F5: =LOOKUP(A5, NPCs!A:A, NPCs!C:C) -> Mouse | G5: =LOOKUP(B5, Maps!A:A, Maps!B:B) -> Minita
A6: 1 | B6: 1 | C6: 85 | D6: 40 | F6: =LOOKUP(A6, NPCs!A:A, NPCs!C:C) -> Mouse | G6: =LOOKUP(B6, Maps!A:A, Maps!B:B) -> Minita
A7: 1 | B7: 1 | C7: 90 | D7: 40 | F7: =LOOKUP(A7, NPCs!A:A, NPCs!C:C) -> Mouse | G7: =LOOKUP(B7, Maps!A:A, Maps!B:B) -> Minita
A8: 1 | B8: 1 | C8: 80 | D8: 50 | F8: =LOOKUP(A8, NPCs!A:A, NPCs!C:C) -> Mouse | G8: =LOOKUP(B8, Maps!A:A, Maps!B:B) -> Minita
A9: 1 | B9: 1 | C9: 85 | D9: 50 | F9: =LOOKUP(A9, NPCs!A:A, NPCs!C:C) -> Mouse | G9: =LOOKUP(B9, Maps!A:A, Maps!B:B) -> Minita
A10: 1 | B10: 1 | C10: 90 | D10: 50 | F10: =LOOKUP(A10, NPCs!A:A, NPCs!C:C) -> Mouse | G10: =LOOKUP(B10, Maps!A:A, Maps!B:B) -> Minita
A11: 1 | B11: 1 | C11: 80 | D11: 53 | F11: =LOOKUP(A11, NPCs!A:A, NPCs!C:C) -> Mouse | G11: =LOOKUP(B11, Maps!A:A, Maps!B:B) -> Minita
A12: 1 | B12: 1 | C12: 85 | D12: 53 | F12: =LOOKUP(A12, NPCs!A:A, NPCs!C:C) -> Mouse | G12: =LOOKUP(B12, Maps!A:A, Maps!B:B) -> Minita
A13: 1 | B13: 1 | C13: 90 | D13: 53 | F13: =LOOKUP(A13, NPCs!A:A, NPCs!C:C) -> Mouse | G13: =LOOKUP(B13, Maps!A:A, Maps!B:B) -> Minita
... A4315: 182 | B4315: 36 | C4315: 96 | D4315: 6 | F4315: =LOOKUP(A4315, NPCs!A:A, NPCs!C:C) -> Alchemy Supplier Guy | G4315: =LOOKUP(B4315, Maps!A:A, Maps!B:B) -> Shops
A4316: 183 | B4316: 36 | C4316: 60 | D4316: 72 | F4316: =VLOOKUP(A7410,NPCs!A:C,3,0) -> #N/A | G4316: =VLOOKUP(B7410,Maps!A:B,2,0) -> #N/A
A4317: 184 | B4317: 36 | C4317: 65 | D4317: 72 | F4317: =VLOOKUP(A7411,NPCs!A:C,3,0) -> #N/A | G4317: =VLOOKUP(B7411,Maps!A:B,2,0) -> #N/A
A4318: 185 | B4318: 1 | C4318: 73 | D4318: 54 | F4318: =VLOOKUP(A7412,NPCs!A:C,3,0) -> #N/A | G4318: =VLOOKUP(B7412,Maps!A:B,2,0) -> #N/A
A4319: 186 | B4319: 1 | C4319: 73 | D4319: 25 | F4319: =VLOOKUP(A7413,NPCs!A:C,3,0) -> #N/A | G4319: =VLOOKUP(B7413,Maps!A:B,2,0) -> #N/A
A4320: 187 | B4320: 16 | C4320: 51 | D4320: 97 | F4320: =VLOOKUP(A7414,NPCs!A:C,3,0) -> #N/A | G4320: =VLOOKUP(B7414,Maps!A:B,2,0) -> #N/A
A4321: 188 | B4321: 16 | C4321: 66 | D4321: 54 | F4321: =VLOOKUP(A7415,NPCs!A:C,3,0) -> #N/A | G4321: =VLOOKUP(B7415,Maps!A:B,2,0) -> #N/A
A4322: 189 | B4322: 8 | C4322: 83 | D4322: 25 | F4322: =VLOOKUP(A7416,NPCs!A:C,3,0) -> #N/A | G4322: =VLOOKUP(B7416,Maps!A:B,2,0) -> #N/A
A4323: 190 | B4323: 2 | C4323: 14 | D4323: 10 | F4323: =VLOOKUP(A7417,NPCs!A:C,3,0) -> #N/A | G4323: =VLOOKUP(B7417,Maps!A:B,2,0) -> #N/A

Sheet NPC Drops
A1: npc id | B1: item id | C1: stack size | D1: droprate | F1: NPC Name (Don't touch) | G1: Item Name (Don't touch)
A2: 1 | B2: 1 | C2: 10 | D2: 10 | F2: =LOOKUP(A2, NPCs!A:A, NPCs!C:C) -> Mouse | G2: =LOOKUP(B2, Items!A:A, Items!C:C) -> Gold
A3: 1 | B3: 2 | C3: 1 | D3: 5 | F3: =LOOKUP(A3, NPCs!A:A, NPCs!C:C) -> Mouse | G3: =LOOKUP(B3, Items!A:A, Items!C:C) -> Old Rags
A4: 1 | B4: 3 | C4: 1 | D4: 5 | F4: =LOOKUP(A4, NPCs!A:A, NPCs!C:C) -> Mouse | G4: =LOOKUP(B4, Items!A:A, Items!C:C) -> Stick
A5: 1 | B5: 4 | C5: 1 | D5: 5 | F5: =LOOKUP(A5, NPCs!A:A, NPCs!C:C) -> Mouse | G5: =LOOKUP(B5, Items!A:A, Items!C:C) -> Small Health Potion
A6: 1 | B6: 5 | C6: 1 | D6: 5 | F6: =LOOKUP(A6, NPCs!A:A, NPCs!C:C) -> Mouse | G6: =LOOKUP(B6, Items!A:A, Items!C:C) -> Small Mana Potion
A7: 2 | B7: 1 | C7: 10 | D7: 10 | F7: =LOOKUP(A7, NPCs!A:A, NPCs!C:C) -> Lamb | G7: =LOOKUP(B7, Items!A:A, Items!C:C) -> Gold
A8: 2 | B8: 2 | C8: 1 | D8: 5 | F8: =LOOKUP(A8, NPCs!A:A, NPCs!C:C) -> Lamb | G8: =LOOKUP(B8, Items!A:A, Items!C:C) -> Old Rags
A9: 2 | B9: 3 | C9: 1 | D9: 5 | F9: =LOOKUP(A9, NPCs!A:A, NPCs!C:C) -> Lamb | G9: =LOOKUP(B9, Items!A:A, Items!C:C) -> Stick
A10: 2 | B10: 4 | C10: 1 | D10: 5 | F10: =LOOKUP(A10, NPCs!A:A, NPCs!C:C) -> Lamb | G10: =LOOKUP(B10, Items!A:A, Items!C:C) -> Small Health Potion
A11: 2 | B11: 5 | C11: 1 | D11: 5 | F11: =LOOKUP(A11, NPCs!A:A, NPCs!C:C) -> Lamb | G11: =LOOKUP(B11, Items!A:A, Items!C:C) -> Small Mana Potion
A12: 3 | B12: 4 | C12: 1 | D12: 5 | F12: =LOOKUP(A12, NPCs!A:A, NPCs!C:C) -> Fluffy Little Bunny | G12: =LOOKUP(B12, Items!A:A, Items!C:C) -> Small Health Potion
A13: 3 | B13: 5 | C13: 1 | D13: 5 | F13: =LOOKUP(A13, NPCs!A:A, NPCs!C:C) -> Fluffy Little Bunny | G13: =LOOKUP(B13, Items!A:A, Items!C:C) -> Small Mana Potion
... A518: 179 | B518: 592 | C518: 1 | D518: 5 | F518: =LOOKUP(A518, NPCs!A:A, NPCs!C:C) -> Rueben | G518: =LOOKUP(B518, Items!A:A, Items!C:C) -> Scroll: Group Ancient Dungeons Teleport

Sheet NPC Vendor Items
A1: npc id | B1: item id | C1: stack size (1) | D1: stats visible (1) | E1: slot number | G1: NPC Name (Don't touch) | H1: Item Name (Don't touch)
A2: 84 | B2: 88 | E2: 1 | G2: =LOOKUP(A2, NPCs!A:A, NPCs!C:C) -> Hair Dye Guy | H2: =LOOKUP(B2, Items!A:A, Items!C:C) -> Hair Dye: Black
A3: 84 | B3: 169 | E3: 2 | G3: =LOOKUP(A3, NPCs!A:A, NPCs!C:C) -> Hair Dye Guy | H3: =LOOKUP(B3, Items!A:A, Items!C:C) -> Hair Dye: Red
A4: 84 | B4: 170 | E4: 3 | G4: =LOOKUP(A4, NPCs!A:A, NPCs!C:C) -> Hair Dye Guy | H4: =LOOKUP(B4, Items!A:A, Items!C:C) -> Hair Dye: Blue
A5: 84 | B5: 171 | E5: 4 | G5: =LOOKUP(A5, NPCs!A:A, NPCs!C:C) -> Hair Dye Guy | H5: =LOOKUP(B5, Items!A:A, Items!C:C) -> Hair Dye: Grey
A6: 84 | B6: 546 | E6: 5 | G6: =LOOKUP(A6, NPCs!A:A, NPCs!C:C) -> Hair Dye Guy | H6: =LOOKUP(B6, Items!A:A, Items!C:C) -> Hair Dye: Green
A7: 84 | B7: 547 | E7: 6 | G7: =LOOKUP(A7, NPCs!A:A, NPCs!C:C) -> Hair Dye Guy | H7: =LOOKUP(B7, Items!A:A, Items!C:C) -> Hair Dye: Blonde
A8: 85 | B8: 172 | E8: 1 | G8: =LOOKUP(A8, NPCs!A:A, NPCs!C:C) -> Hair 1 | H8: =LOOKUP(B8, Items!A:A, Items!C:C) -> Hair Cut: 1
A9: 86 | B9: 173 | E9: 1 | G9: =LOOKUP(A9, NPCs!A:A, NPCs!C:C) -> Hair 2 | H9: =LOOKUP(B9, Items!A:A, Items!C:C) -> Hair Cut: 2
A10: 87 | B10: 174 | E10: 1 | G10: =LOOKUP(A10, NPCs!A:A, NPCs!C:C) -> Hair 3 | H10: =LOOKUP(B10, Items!A:A, Items!C:C) -> Hair Cut: 3
A11: 88 | B11: 175 | E11: 1 | G11: =LOOKUP(A11, NPCs!A:A, NPCs!C:C) -> Hair 4 | H11: =LOOKUP(B11, Items!A:A, Items!C:C) -> Hair Cut: 4
A12: 89 | B12: 176 | E12: 1 | G12: =LOOKUP(A12, NPCs!A:A, NPCs!C:C) -> Hair 5 | H12: =LOOKUP(B12, Items!A:A, Items!C:C) -> Hair Cut: 5
A13: 90 | B13: 177 | E13: 1 | G13: =LOOKUP(A13, NPCs!A:A, NPCs!C:C) -> Hair 6 | H13: =LOOKUP(B13, Items!A:A, Items!C:C) -> Hair Cut: 6
... A217: 182 | B217: 621 | E217: 1 | G217: =LOOKUP(A217, NPCs!A:A, NPCs!C:C) -> Alchemy Supplier Guy | H217: =LOOKUP(B217, Items!A:A, Items!C:C) -> Empty Bottle

Sheet Maps
A1: id | B1: name | C1: filename | D1: min_level (0) | E1: max_level (0) | F1: min_experience (0) | G1: max_experience (0) | H1: pvp_enabled (0) | I1: chat_enabled (1) | J1: auction_enabled (1) | K1: shout_enabled (1) | L1: spells_enabled (1) | M1: bind_enabled (0) | N1: items_enabled (1) | O1: pets_enabled (1) | P1: script path | Q1: script params
A2: 1 | B2: Minita | C2: Map10001.map | M2: 1
A3: 2 | B3: Its the Bat Cave Robin | C3: Map10002.map
A4: 3 | B4: Graveyard | C4: Map10003.map
A5: 4 | B5: Forest Arena | C5: Map10004.map | H5: 1 | O5: 0
A6: 5 | B6: GM Paradise | C6: Map10005.map
A7: 6 | B7: Undead Hallway | C7: Map10006.map
A8: 7 | B8: Slime Kingdom | C8: Map10007.map
A9: 8 | B9: Roadkill Woods | C9: Map10008.map | M9: 1
A10: 9 | B10: Punchys Playhouse | C10: Map10009.map
A11: 10 | B11: Dead Forest | C11: Map10010.map
A12: 11 | B12: Otherlands | C12: Map10011.map
A13: 12 | B13: Mindless Mines | C13: Map10012.map
A14: 13 | B14: Hay and Frays Stronghold | C14: Map10013.map
A15: 14 | B15: Chiisaiyama | C15: Map10014.map
A16: 15 | B16: Battle Fields | C16: Map10015.map | H16: 1 | O16: 0
A17: 16 | B17: Arctic Lands | C17: Map10016.map
A18: 17 | B18: Northern Arctic Lands | C18: Map10017.map
A19: 18 | B19: Frozen Lake | C19: Map10018.map
A20: 19 | B20: Frigid Maze | C20: Map10019.map
A21: 20 | B21: Tower of the Ancients | C21: Map10020.map
A22: 21 | B22: 21 | C22: Map10021.map
A23: 22 | B23: 22 | C23: Map10022.map | H23: 1
A24: 23 | B24: 23 | C24: Map10023.map
A25: 24 | B25: The Ancients Dungeon | C25: Map10024.map | F25: 100000000 | H25: 1 | O25: 0
A26: 25 | B26: Boondocks | C26: Map10025.map
A27: 26 | B27: 26 | C27: Map10026.map
A28: 27 | B28: Nagan Oasis | C28: Map10027.map
A29: 28 | B29: Savage Isle | C29: Map10028.map
A30: 29 | B30: The Ancients Dungeon | C30: Map10029.map | F30: 20000000 | H30: 1 | O30: 0
A31: 30 | B31: Where am I? | C31: Map10030.map
A32: 31 | B32: Event Hall | C32: Map10031.map
A33: 32 | B33: Sorrows Grove | C33: Map10032.map | F33: 10000000
A34: 33 | B34: The Passing | C34: Map10033.map | F34: 60000000
A35: 34 | B35: Winter Heights | C35: Map10034.map | F35: 300000000
A36: 35 | B36: Paradise | C36: Map10035.map
A37: 36 | B37: Shops | C37: Map10036.map
A38: 37 | B38: Marketplace | C38: Map10037.map
A39: 38 | B39: Pumpkin Grove | C39: Map10038.map
A40: 39 | B40: Haunted House | C40: Map10039.map | D40: 40
A41: 40 | B41: The Ancients Dungeon | C41: Map10040.map | F41: 400000000 | H41: 1 | O41: 0
A42: 41 | B42: Hall of Heroes | C42: Map10041.map
A43: 42 | B43: Rugged Valley | C43: Map10042.map | F43: 100000000
A44: 43 | B44: Bear Kingdom | C44: Map10043.map | F44: 200000000
A45: 44 | B45: Starving Pits | C45: Map10044.map

Sheet Map Required Items
A1: map_id | B1: item_template_id
A2: 29 | B2: 266
A3: 43 | B3: 458
A4: 40 | B4: 516

Sheet Combinations
A1: id | B1: name | C1: min level (1) | D1: max level (50) | E1: min experience (0) | F1: max experience (0) | G1: class restrictions (0)
A2: 1 | B2: Cloth
A3: 2 | B3: Cloth
A4: 3 | B4: Cloth
A5: 4 | B5: Cloth
A6: 5 | B6: Cloth
A7: 6 | B7: Cloth
A8: 7 | B8: Cloth Shirt
A9: 8 | B9: Practice Katana
A10: 9 | B10: Soft Belt
A11: 10 | B11: Cat Ears
A12: 11 | B12: Black Cat Ears
A13: 12 | B13: Bonfire
... A73: 72 | B73: Spell Critical Potion

Sheet Combination Item Required
A1: combination id | B1: item template id | D1: Combination Name (Don't touch) | E1: Ingredient Name (don't touch)
A2: 1 | B2: 340 | D2: =LOOKUP(A2, Combinations!A:A, Combinations!B:B) -> Cloth | E2: =LOOKUP(B2, Items!A:A, Items!C:C) -> Needle
A3: 1 | B3: 348 | D3: =LOOKUP(A3, Combinations!A:A, Combinations!B:B) -> Cloth | E3: =LOOKUP(B3, Items!A:A, Items!C:C) -> Spool of Blue Thread
A4: 2 | B4: 340 | D4: =LOOKUP(A4, Combinations!A:A, Combinations!B:B) -> Cloth | E4: =LOOKUP(B4, Items!A:A, Items!C:C) -> Needle
A5: 2 | B5: 349 | D5: =LOOKUP(A5, Combinations!A:A, Combinations!B:B) -> Cloth | E5: =LOOKUP(B5, Items!A:A, Items!C:C) -> Spool of Green Thread
A6: 3 | B6: 340 | D6: =LOOKUP(A6, Combinations!A:A, Combinations!B:B) -> Cloth | E6: =LOOKUP(B6, Items!A:A, Items!C:C) -> Needle
A7: 3 | B7: 350 | D7: =LOOKUP(A7, Combinations!A:A, Combinations!B:B) -> Cloth | E7: =LOOKUP(B7, Items!A:A, Items!C:C) -> Spool of Red Thread
A8: 4 | B8: 340 | D8: =LOOKUP(A8, Combinations!A:A, Combinations!B:B) -> Cloth | E8: =LOOKUP(B8, Items!A:A, Items!C:C) -> Needle
A9: 4 | B9: 351 | D9: =LOOKUP(A9, Combinations!A:A, Combinations!B:B) -> Cloth | E9: =LOOKUP(B9, Items!A:A, Items!C:C) -> Spool of Black Thread
A10: 5 | B10: 340 | D10: =LOOKUP(A10, Combinations!A:A, Combinations!B:B) -> Cloth | E10: =LOOKUP(B10, Items!A:A, Items!C:C) -> Needle
A11: 5 | B11: 352 | D11: =LOOKUP(A11, Combinations!A:A, Combinations!B:B) -> Cloth | E11: =LOOKUP(B11, Items!A:A, Items!C:C) -> Spool of Pink Thread
A12: 6 | B12: 340 | D12: =LOOKUP(A12, Combinations!A:A, Combinations!B:B) -> Cloth | E12: =LOOKUP(B12, Items!A:A, Items!C:C) -> Needle
A13: 6 | B13: 353 | D13: =LOOKUP(A13, Combinations!A:A, Combinations!B:B) -> Cloth | E13: =LOOKUP(B13, Items!A:A, Items!C:C) -> Spool of Purple Thread
... A301: 72 | B301: 627 | D301: =LOOKUP(A301, Combinations!A:A, Combinations!B:B) -> Spell Critical Potion | E301: =LOOKUP(B301, Items!A:A, Items!C:C) -> Orange Droplet

Sheet Combination Item Result
A1: result id | B1: item template id | D1: Combination Name (Don't touch) | E1: Ingredient Name (don't touch)
A2: 1 | B2: 449 | D2: =LOOKUP(A2, Combinations!A:A, Combinations!B:B) -> Cloth | E2: =LOOKUP(B2, Items!A:A, Items!C:C) -> Cloth
A3: 2 | B3: 449 | D3: =LOOKUP(A3, Combinations!A:A, Combinations!B:B) -> Cloth | E3: =LOOKUP(B3, Items!A:A, Items!C:C) -> Cloth
A4: 3 | B4: 449 | D4: =LOOKUP(A4, Combinations!A:A, Combinations!B:B) -> Cloth | E4: =LOOKUP(B4, Items!A:A, Items!C:C) -> Cloth
A5: 4 | B5: 449 | D5: =LOOKUP(A5, Combinations!A:A, Combinations!B:B) -> Cloth | E5: =LOOKUP(B5, Items!A:A, Items!C:C) -> Cloth
A6: 5 | B6: 449 | D6: =LOOKUP(A6, Combinations!A:A, Combinations!B:B) -> Cloth | E6: =LOOKUP(B6, Items!A:A, Items!C:C) -> Cloth
A7: 6 | B7: 449 | D7: =LOOKUP(A7, Combinations!A:A, Combinations!B:B) -> Cloth | E7: =LOOKUP(B7, Items!A:A, Items!C:C) -> Cloth
A8: 7 | B8: 450 | D8: =LOOKUP(A8, Combinations!A:A, Combinations!B:B) -> Cloth Shirt | E8: =LOOKUP(B8, Items!A:A, Items!C:C) -> Cloth Shirt
A9: 8 | B9: 451 | D9: =LOOKUP(A9, Combinations!A:A, Combinations!B:B) -> Practice Katana | E9: =LOOKUP(B9, Items!A:A, Items!C:C) -> Practice Katana
A10: 9 | B10: 452 | D10: =LOOKUP(A10, Combinations!A:A, Combinations!B:B) -> Soft Belt | E10: =LOOKUP(B10, Items!A:A, Items!C:C) -> Soft Belt
A11: 10 | B11: 453 | D11: =LOOKUP(A11, Combinations!A:A, Combinations!B:B) -> Cat Ears | E11: =LOOKUP(B11, Items!A:A, Items!C:C) -> Cat Ears
A12: 11 | B12: 454 | D12: =LOOKUP(A12, Combinations!A:A, Combinations!B:B) -> Black Cat Ears | E12: =LOOKUP(B12, Items!A:A, Items!C:C) -> Black Cat Ears
A13: 12 | B13: 331 | D13: =LOOKUP(A13, Combinations!A:A, Combinations!B:B) -> Bonfire | E13: =LOOKUP(B13, Items!A:A, Items!C:C) -> Bonfire
... A73: 72 | B73: 632 | D73: =LOOKUP(A73, Combinations!A:A, Combinations!B:B) -> Spell Critical Potion | E73: =LOOKUP(B73, Items!A:A, Items!C:C) -> Spell Critical Potion

Sheet Warptiles
A1: map id | B1: map x | C1: map y | D1: warp to map id | E1: warp to x | F1: warp to y
A2: 4 | B2: 25 | C2: 14 | D2: 1 | E2: 42 | F2: 28
A3: 1 | B3: 42 | C3: 27 | D3: 4 | E3: 24 | F3: 14
A4: 4 | B4: 25 | C4: 15 | D4: 1 | E4: 41 | F4: 28
A5: 1 | B5: 41 | C5: 27 | D5: 4 | E5: 24 | F5: 15
A6: 1 | B6: 40 | C6: 27 | D6: 4 | E6: 24 | F6: 15
A7: 15 | B7: 13 | C7: 15 | D7: 1 | E7: 39 | F7: 28
A8: 15 | B8: 12 | C8: 15 | D8: 1 | E8: 39 | F8: 28
A9: 15 | B9: 11 | C9: 15 | D9: 1 | E9: 38 | F9: 28
A10: 15 | B10: 10 | C10: 15 | D10: 1 | E10: 37 | F10: 28
A11: 15 | B11: 9 | C11: 15 | D11: 1 | E11: 37 | F11: 28
A12: 1 | B12: 37 | C12: 27 | D12: 15 | E12: 9 | F12: 14
A13: 1 | B13: 38 | C13: 27 | D13: 15 | E13: 11 | F13: 14
... A346: 40 | B346: 17 | C346: 98 | D346: 29 | E346: 60 | F346: 48

Sheet Quests
A1: id | B1: name | C1: description | D1: pass text | E1: fail text | F1: classes (0) | G1: min experience required (0) | H1: max experience required (0) | I1: min level required (0) | J1: max level required (0) | K1: repeatable (0) | L1: show progress (0) | M1: only one player can complete (0) | N1: prerequisite quest ids
A2: 1 | B2: Path of the Warrior | C2: Hey there, if you're looking to follow the\npath of the warrior, I can make you one.\n\nWarriors rely on their HP and strength,\ntanking for the party.\n\nIf raw power and high health interests\nyou, then speak with me. | D2: I have transformed you into a warrior.\nI have given you some items to help you\nalong your journey. Make me proud. | E2: You do not meet the requirements. | F2: 253 | I2: 5 | J2: 5 | K2: 1 | L2: 1
A3: 2 | B3: Path of the Magus | C3: Hey there, if you're looking to follow the\npath of the Magus, I can make you one.\n\nMagus rely on their MP and intelligence,\ndoing high damage from a range.\n\nIf high damage with safety and utility\ninterests you, then speak with me. | D3: I have transformed you into a Magus.\nI have given you some items to help you\nalong your journey. Make me proud. | E3: You do not meet the requirements. | F3: 253 | I3: 5 | J3: 5 | K3: 1 | L3: 1
A4: 3 | B4: Path of the Rogue | C4: Hey there, if you're looking to follow the\npath of the Rogue, I can make you one.\n\nRogues rely on doing high damage using a\ncombination of HP and MP and critical\nstrikes.\n\nIf the path of the Rogue interests you,\nthen speak with me. | D4: I have transformed you into a Rogue.\nI have given you some items to help you\nalong your journey. Make me proud. | E4: You do not meet the requirements. | F4: 253 | I4: 5 | J4: 5 | K4: 1 | L4: 1
A5: 4 | B5: Path of the Priest | C5: Hey there, if you're looking to follow the\npath of the Priest, I can make you one.\n\nPriests are vital to the survival of a\nparty. They heal and provide buffs.\n\nIf the path of the Priest interests you,\nthen speak with me. | D5: I have transformed you into a Priest.\nI have given you some items to help you\nalong your journey. Make me proud. | E5: You do not meet the requirements. | F5: 253 | I5: 5 | J5: 5 | K5: 1 | L5: 1
A6: 5 | B6: Mouse Killer | C6: Hello there, adventurer. These mice are\ngetting into everything and eating our\ncrops.\n\nHelp me kill 15 of these darn mice and I\nwill reward you. | D6: Thank you for eliminating those pesky\nmice. Take these potions and gold. | E6: You do not meet the requirements. | I6: 1 | L6: 1
A7: 6 | B7: Sheep Wool | C7: Hello! These sheep are getting out of\nhand, there are too many of them and I\nneed their wool.\n\nPlease lend a hand and bring me 10 wool.\nYou will be rewarded. | D7: Phew! That was hard work. Thank you.\nTake this as payment. | E7: You do not meet the requirements. | I7: 2
A8: 7 | B8: Jack's Jacket | C8: Hi there! Brrr. It's cold out here. Please\nbring me 10 rabbit pelts and 10 rabbit fur\nso that I can make a jacket.\n\nBy the way, my friend Jill is out here\nsomewhere. I don't know where she went.\nLet me know where she is so I know she's\nalright. | D8: Much better! Glad to know Jill is alright.\nHere, take these pants. | E8: You do not meet the requirements. | I8: 5 | L8: 1
A9: 8 | B9: Angry Rabbits | C9: Helppppp! These bunnies are staring at me\nlike they want to kill me. I'm scared.\nPlease kill 20 of them so I get out of\nhere. | D9: Thank you so much! Now I can go and see\nJack! | E9: You do not meet the requirements. | I9: 5 | L9: 1
A10: 9 | B10: Biting Asps | C10: I keep stepping on these damn Asps and\nget bitten by them. Wipe them out. Kill\n20 Asps and you will be rewarded. | D10: You squashed those Asps. Thank you. | E10: You do not meet the requirements. | I10: 7 | L10: 1
A11: 10 | B11: Screeching Bats | C11: Hello there! These bats are driving me\ncrazy with their constant screeching.\nKill 25 of them for me, would you? | D11: Muchhhh better! I can finally hear my own\nthoughts. Here take this. | E11: You do not meet the requirements. | I11: 10 | L11: 1

Sheet Quest Reqs
A1: id | B1: quest id | C1: requirement type | D1: value | E1: value2 | F1: keep requirement? (0) | H1: Quest (Don't touch) | I1: Requirement Name (Don't touch)
A2: 1 | B2: 5 | C2: Kill | D2: 1 | E2: 15 | H2: =VLOOKUP(B2,Quests!A:C,2,0) -> Mouse Killer | I2: =IF(C2 = "Item", VLOOKUP(D2,Items!A:C,3,0), IF(OR(C2 = "Kill", C2 = "TalkToNPC"), VLOOKUP(D2,NPCs!A:C,3,0), "")) -> Mouse
A3: 2 | B3: 6 | C3: Item | D3: 649 | E3: 10 | H3: =VLOOKUP(B3,Quests!A:C,2,0) -> Sheep Wool | I3: =IF(C3 = "Item", VLOOKUP(D3,Items!A:C,3,0), IF(OR(C3 = "Kill", C3 = "TalkToNPC"), VLOOKUP(D3,NPCs!A:C,3,0), "")) -> Wool
A4: 3 | B4: 7 | C4: Item | D4: 7 | E4: 10 | H4: =VLOOKUP(B4,Quests!A:C,2,0) -> Jack's Jacket | I4: =IF(C4 = "Item", VLOOKUP(D4,Items!A:C,3,0), IF(OR(C4 = "Kill", C4 = "TalkToNPC"), VLOOKUP(D4,NPCs!A:C,3,0), "")) -> Rabbit Fur
A5: 4 | B5: 7 | C5: Item | D5: 8 | E5: 10 | H5: =VLOOKUP(B5,Quests!A:C,2,0) -> Jack's Jacket | I5: =IF(C5 = "Item", VLOOKUP(D5,Items!A:C,3,0), IF(OR(C5 = "Kill", C5 = "TalkToNPC"), VLOOKUP(D5,NPCs!A:C,3,0), "")) -> Rabbit Pelt
A6: 5 | B6: 7 | C6: TalkToNPC | D6: 188 | H6: =VLOOKUP(B6,Quests!A:C,2,0) -> Jack's Jacket | I6: =IF(C6 = "Item", VLOOKUP(D6,Items!A:C,3,0), IF(OR(C6 = "Kill", C6 = "TalkToNPC"), VLOOKUP(D6,NPCs!A:C,3,0), "")) -> Jill
A7: 6 | B7: 8 | C7: Kill | D7: 4 | E7: 20 | H7: =VLOOKUP(B7,Quests!A:C,2,0) -> Angry Rabbits | I7: =IF(C7 = "Item", VLOOKUP(D7,Items!A:C,3,0), IF(OR(C7 = "Kill", C7 = "TalkToNPC"), VLOOKUP(D7,NPCs!A:C,3,0), "")) -> Rabid Rabbit
A8: 7 | B8: 9 | C8: Kill | D8: 6 | E8: 20 | H8: =VLOOKUP(B8,Quests!A:C,2,0) -> Biting Asps | I8: =IF(C8 = "Item", VLOOKUP(D8,Items!A:C,3,0), IF(OR(C8 = "Kill", C8 = "TalkToNPC"), VLOOKUP(D8,NPCs!A:C,3,0), "")) -> Asp
A9: 8 | B9: 10 | C9: Kill | D9: 7 | E9: 25 | H9: =VLOOKUP(B9,Quests!A:C,2,0) -> Screeching Bats | I9: =IF(C9 = "Item", VLOOKUP(D9,Items!A:C,3,0), IF(OR(C9 = "Kill", C9 = "TalkToNPC"), VLOOKUP(D9,NPCs!A:C,3,0), "")) -> Bat

Sheet Quest Rewards
A1: id | B1: quest id | C1: reward type | D1: long value | E1: long value 2 | F1: string value | H1: Quest (Don't touch) | I1: Item Name (Don't touch)
A2: 1 | B2: 1 | C2: ClassChange | D2: 3 | H2: =VLOOKUP(B2,Quests!A:C,2,0) -> Path of the Warrior | I2: =IF(C2 = "Item", VLOOKUP(D2,Items!A:C,3,0), "")
A3: 2 | B3: 1 | C3: Item | D3: 644 | E3: 1 | H3: =VLOOKUP(B3,Quests!A:C,2,0) -> Path of the Warrior | I3: =IF(C3 = "Item", VLOOKUP(D3,Items!A:C,3,0), "") -> Dusty Shoes
A4: 3 | B4: 1 | C4: Item | D4: 648 | E4: 1 | H4: =VLOOKUP(B4,Quests!A:C,2,0) -> Path of the Warrior | I4: =IF(C4 = "Item", VLOOKUP(D4,Items!A:C,3,0), "") -> Rusty Sword
A5: 4 | B5: 2 | C5: ClassChange | D5: 4 | H5: =VLOOKUP(B5,Quests!A:C,2,0) -> Path of the Magus | I5: =IF(C5 = "Item", VLOOKUP(D5,Items!A:C,3,0), "")
A6: 5 | B6: 2 | C6: Item | D6: 644 | E6: 1 | H6: =VLOOKUP(B6,Quests!A:C,2,0) -> Path of the Magus | I6: =IF(C6 = "Item", VLOOKUP(D6,Items!A:C,3,0), "") -> Dusty Shoes
A7: 6 | B7: 2 | C7: Item | D7: 646 | E7: 1 | H7: =VLOOKUP(B7,Quests!A:C,2,0) -> Path of the Magus | I7: =IF(C7 = "Item", VLOOKUP(D7,Items!A:C,3,0), "") -> Old Stave
A8: 7 | B8: 2 | C8: Item | D8: 25 | E8: 1 | H8: =VLOOKUP(B8,Quests!A:C,2,0) -> Path of the Magus | I8: =IF(C8 = "Item", VLOOKUP(D8,Items!A:C,3,0), "") -> Scroll: Elemental Strike 1
A9: 8 | B9: 3 | C9: ClassChange | D9: 2 | H9: =VLOOKUP(B9,Quests!A:C,2,0) -> Path of the Rogue | I9: =IF(C9 = "Item", VLOOKUP(D9,Items!A:C,3,0), "")
A10: 9 | B10: 3 | C10: Item | D10: 644 | E10: 1 | H10: =VLOOKUP(B10,Quests!A:C,2,0) -> Path of the Rogue | I10: =IF(C10 = "Item", VLOOKUP(D10,Items!A:C,3,0), "") -> Dusty Shoes
A11: 10 | B11: 3 | C11: Item | D11: 647 | E11: 1 | H11: =VLOOKUP(B11,Quests!A:C,2,0) -> Path of the Rogue | I11: =IF(C11 = "Item", VLOOKUP(D11,Items!A:C,3,0), "") -> Rusty Dagger
A12: 11 | B12: 4 | C12: ClassChange | D12: 5 | H12: =VLOOKUP(B12,Quests!A:C,2,0) -> Path of the Priest | I12: =IF(C12 = "Item", VLOOKUP(D12,Items!A:C,3,0), "")
A13: 12 | B13: 4 | C13: Item | D13: 644 | E13: 1 | H13: =VLOOKUP(B13,Quests!A:C,2,0) -> Path of the Priest | I13: =IF(C13 = "Item", VLOOKUP(D13,Items!A:C,3,0), "") -> Dusty Shoes
A14: 13 | B14: 4 | C14: Item | D14: 645 | E14: 1 | H14: =VLOOKUP(B14,Quests!A:C,2,0) -> Path of the Priest | I14: =IF(C14 = "Item", VLOOKUP(D14,Items!A:C,3,0), "") -> Rusty Hammer
A15: 14 | B15: 4 | C15: Item | D15: 10 | E15: 1 | H15: =VLOOKUP(B15,Quests!A:C,2,0) -> Path of the Priest | I15: =IF(C15 = "Item", VLOOKUP(D15,Items!A:C,3,0), "") -> Scroll: Healing 1
A16: 15 | B16: 5 | C16: Item | D16: 4 | E16: 5 | H16: =VLOOKUP(B16,Quests!A:C,2,0) -> Mouse Killer | I16: =IF(C16 = "Item", VLOOKUP(D16,Items!A:C,3,0), "") -> Small Health Potion
A17: 16 | B17: 5 | C17: Item | D17: 5 | E17: 5 | H17: =VLOOKUP(B17,Quests!A:C,2,0) -> Mouse Killer | I17: =IF(C17 = "Item", VLOOKUP(D17,Items!A:C,3,0), "") -> Small Mana Potion
A18: 17 | B18: 5 | C18: Gold | D18: 2000 | H18: =VLOOKUP(B18,Quests!A:C,2,0) -> Mouse Killer | I18: =IF(C18 = "Item", VLOOKUP(D18,Items!A:C,3,0), "")
A19: 18 | B19: 6 | C19: Gold | D19: 2500 | H19: =VLOOKUP(B19,Quests!A:C,2,0) -> Sheep Wool | I19: =IF(C19 = "Item", VLOOKUP(D19,Items!A:C,3,0), "")
A20: 19 | B20: 6 | C20: Experience | D20: 1000 | H20: =VLOOKUP(B20,Quests!A:C,2,0) -> Sheep Wool | I20: =IF(C20 = "Item", VLOOKUP(D20,Items!A:C,3,0), "")
A21: 20 | B21: 7 | C21: Gold | D21: 3000 | H21: =VLOOKUP(B21,Quests!A:C,2,0) -> Jack's Jacket | I21: =IF(C21 = "Item", VLOOKUP(D21,Items!A:C,3,0), "")
A22: 21 | B22: 7 | C22: Experience | D22: 2000 | H22: =VLOOKUP(B22,Quests!A:C,2,0) -> Jack's Jacket | I22: =IF(C22 = "Item", VLOOKUP(D22,Items!A:C,3,0), "")
A23: 22 | B23: 7 | C23: Item | D23: 650 | E23: 1 | H23: =VLOOKUP(B23,Quests!A:C,2,0) -> Jack's Jacket | I23: =IF(C23 = "Item", VLOOKUP(D23,Items!A:C,3,0), "") -> Rabbit Fur Pants
A24: 23 | B24: 8 | C24: Experience | D24: 2500 | H24: =VLOOKUP(B24,Quests!A:C,2,0) -> Angry Rabbits | I24: =IF(C24 = "Item", VLOOKUP(D24,Items!A:C,3,0), "")
A25: 24 | B25: 9 | C25: Experience | D25: 3000 | H25: =VLOOKUP(B25,Quests!A:C,2,0) -> Biting Asps | I25: =IF(C25 = "Item", VLOOKUP(D25,Items!A:C,3,0), "")
A26: 25 | B26: 10 | C26: Experience | D26: 5000 | H26: =VLOOKUP(B26,Quests!A:C,2,0) -> Screeching Bats | I26: =IF(C26 = "Item", VLOOKUP(D26,Items!A:C,3,0), "")

Sheet Titles
A1: id | B1: name | C1: min level (1) | D1: max level (50) | E1: min xp (0) | F1: max xp (0) | G1: item_usetype | H1: item_slot (Misc) | I1: chance | J1: script_path | K1: script_params
A2: 1 | B2: Powerful | I2: 0.5 | J2: Scripts/Item/ItemModifierScript.csx | K2: [{ "type": "statMultiplier", "value": 2.0 }]
A3: 2 | B3: Strong | I3: 0.5 | J3: Scripts/Item/ItemModifierScript.csx | K3: [{ "type": "statMultiplier", "value": 1.5 }]
A4: 3 | B4: Broken | I4: 0.5 | J4: Scripts/Item/ItemModifierScript.csx | K4: [{ "type": "statMultiplier", "value": 0.5 }]
A5: 4 | B5: Sharp | G5: Weapon | I5: 0.5 | J5: Scripts/Item/ItemModifierScript.csx | K5: [{ "type": "weaponDamage", "min": 5, "max": 10 }]

Sheet Surnames
A1: id | B1: name | C1: min level (1) | D1: max level (50) | E1: min xp (0) | F1: max xp (0) | G1: item_usetype | H1: item_slot (Misc) | I1: chance | J1: script_path | K1: script_params
A2: 1 | B2: of Vitality | I2: 0.5 | J2: Scripts/Item/ItemModifierScript.csx | K2: [{ "type": "hp", "min": 10, "max": 20 }]
A3: 2 | B3: of Intelligence | I3: 0.5 | J3: Scripts/Item/ItemModifierScript.csx | K3: [{ "type": "int", "min": 1, "max": 10 }]
A4: 3 | B4: of the Bear | G4: Weapon | I4: 0.5 | J4: Scripts/Item/ItemModifierScript.csx | K4: [{ "type": "str", "min": 1, "max": 10 }]
A5: 4 | B5: of the Turtle | G5: Armor | I5: 0.5 | J5: Scripts/Item/ItemModifierScript.csx | K5: [{ "type": "ac", "min": 1, "max": 10 }]
A6: 5 | B6: of Spell Damage | I6: 0.5 | J6: Scripts/Item/ItemModifierScript.csx | K6: [{ "type": "spellDamage", "min": 1, "max": 10 }]

Sheet Classes
A1: id | B1: name | C1: ac_multiplier | D1: vita_cost | E1: mana_cost
A2: 1 | B2: Commoner | C2: 1 | D2: 10000 | E2: 10000
A3: 2 | B3: Rogue | C3: 0.65 | D3: 150000 | E3: 150000
A4: 3 | B4: Warrior | C4: 1 | D4: 100000 | E4: 200000
A5: 4 | B5: Magus | C5: 0.5 | D5: 200000 | E5: 100000
A6: 5 | B6: Priest | C6: 0.7 | D6: 180000 | E6: 120000
A7: 6 | B7: Game Master | C7: 1 | D7: 100000 | E7: 100000

Sheet Class Info
A1: class_id | B1: level | C1: level_up_exp | D1: hp | E1: mp | F1: sp | G1: ac | H1: str | I1: sta | J1: dex | K1: int | L1: fr | M1: wr | N1: sr | O1: ar | P1: er | Q1: hp % reg | R1: hp static reg | S1: mp % reg | T1: mp static reg | U1: haste | V1: sd | W1: sc | X1: melee d | Y1: melee c | Z1: dmg reduce | AB1: Class Name
A2: 1 | B2: 1 | C2: 200 | D2: 30 | E2: 30 | AB2: =VLOOKUP(A2,Classes!A:C,2,0) -> Commoner
A3: 1 | B3: 2 | C3: 800 | D3: 38 | E3: 38 | AB3: =VLOOKUP(A3,Classes!A:C,2,0) -> Commoner
A4: 1 | B4: 3 | C4: 2000 | D4: 50 | E4: 50 | AB4: =VLOOKUP(A4,Classes!A:C,2,0) -> Commoner
A5: 1 | B5: 4 | C5: 4000 | D5: 66 | E5: 66 | AB5: =VLOOKUP(A5,Classes!A:C,2,0) -> Commoner
A6: 1 | B6: 5 | C6: 0 | D6: 86 | E6: 86 | AB6: =VLOOKUP(A6,Classes!A:C,2,0) -> Commoner
A7: 2 | B7: 1 | C7: 200 | D7: 30 | E7: 30 | AB7: =VLOOKUP(A7,Classes!A:C,2,0) -> Rogue
A8: 2 | B8: 2 | C8: 800 | D8: 38 | E8: 38 | AB8: =VLOOKUP(A8,Classes!A:C,2,0) -> Rogue
A9: 2 | B9: 3 | C9: 2000 | D9: 50 | E9: 50 | AB9: =VLOOKUP(A9,Classes!A:C,2,0) -> Rogue
A10: 2 | B10: 4 | C10: 4000 | D10: 66 | E10: 66 | AB10: =VLOOKUP(A10,Classes!A:C,2,0) -> Rogue
A11: 2 | B11: 5 | C11: 7000 | D11: 86 | E11: 86 | AB11: =VLOOKUP(A11,Classes!A:C,2,0) -> Rogue
A12: 2 | B12: 6 | C12: 11200 | D12: 110 | E12: 110 | AB12: =VLOOKUP(A12,Classes!A:C,2,0) -> Rogue
A13: 2 | B13: 7 | C13: 16800 | D13: 138 | E13: 138 | AB13: =VLOOKUP(A13,Classes!A:C,2,0) -> Rogue
... A56: 2 | B56: 50 | C56: 0 | D56: 5200 | E56: 5200 | AB56: =VLOOKUP(A56,Classes!A:C,2,0) -> Rogue
A57: 3 | B57: 1 | C57: 200 | D57: 30 | E57: 30 | G57: 10 | AB57: =VLOOKUP(A57,Classes!A:C,2,0) -> Warrior
A58: 3 | B58: 2 | C58: 800 | D58: 42 | E58: 36 | G58: 20 | AB58: =VLOOKUP(A58,Classes!A:C,2,0) -> Warrior
A59: 3 | B59: 3 | C59: 2000 | D59: 60 | E59: 45 | G59: 30 | AB59: =VLOOKUP(A59,Classes!A:C,2,0) -> Warrior
A60: 3 | B60: 4 | C60: 4000 | D60: 84 | E60: 57 | G60: 40 | AB60: =VLOOKUP(A60,Classes!A:C,2,0) -> Warrior
A61: 3 | B61: 5 | C61: 7000 | D61: 114 | E61: 72 | G61: 50 | AB61: =VLOOKUP(A61,Classes!A:C,2,0) -> Warrior
A62: 3 | B62: 6 | C62: 11200 | D62: 150 | E62: 90 | G62: 60 | AB62: =VLOOKUP(A62,Classes!A:C,2,0) -> Warrior
A63: 3 | B63: 7 | C63: 16800 | D63: 192 | E63: 111 | G63: 70 | AB63: =VLOOKUP(A63,Classes!A:C,2,0) -> Warrior
A64: 3 | B64: 8 | C64: 24000 | D64: 240 | E64: 135 | G64: 80 | AB64: =VLOOKUP(A64,Classes!A:C,2,0) -> Warrior
A65: 3 | B65: 9 | C65: 33000 | D65: 294 | E65: 162 | G65: 90 | AB65: =VLOOKUP(A65,Classes!A:C,2,0) -> Warrior
A66: 3 | B66: 10 | C66: 44000 | D66: 354 | E66: 192 | G66: 100 | AB66: =VLOOKUP(A66,Classes!A:C,2,0) -> Warrior
A67: 3 | B67: 11 | C67: 57200 | D67: 420 | E67: 225 | G67: 110 | AB67: =VLOOKUP(A67,Classes!A:C,2,0) -> Warrior
A68: 3 | B68: 12 | C68: 72800 | D68: 492 | E68: 261 | G68: 120 | AB68: =VLOOKUP(A68,Classes!A:C,2,0) -> Warrior
... A106: 3 | B106: 50 | C106: 0 | D106: 7700 | E106: 3900 | G106: 500 | AB106: =VLOOKUP(A106,Classes!A:C,2,0) -> Warrior
A107: 4 | B107: 1 | C107: 200 | D107: 30 | E107: 30 | AB107: =VLOOKUP(A107,Classes!A:C,2,0) -> Magus
A108: 4 | B108: 2 | C108: 800 | D108: 36 | E108: 42 | AB108: =VLOOKUP(A108,Classes!A:C,2,0) -> Magus
A109: 4 | B109: 3 | C109: 2000 | D109: 45 | E109: 60 | AB109: =VLOOKUP(A109,Classes!A:C,2,0) -> Magus
A110: 4 | B110: 4 | C110: 4000 | D110: 57 | E110: 84 | AB110: =VLOOKUP(A110,Classes!A:C,2,0) -> Magus
A111: 4 | B111: 5 | C111: 7000 | D111: 72 | E111: 114 | AB111: =VLOOKUP(A111,Classes!A:C,2,0) -> Magus
A112: 4 | B112: 6 | C112: 11200 | D112: 90 | E112: 150 | AB112: =VLOOKUP(A112,Classes!A:C,2,0) -> Magus
A113: 4 | B113: 7 | C113: 16800 | D113: 111 | E113: 192 | AB113: =VLOOKUP(A113,Classes!A:C,2,0) -> Magus
A114: 4 | B114: 8 | C114: 24000 | D114: 135 | E114: 240 | AB114: =VLOOKUP(A114,Classes!A:C,2,0) -> Magus
A115: 4 | B115: 9 | C115: 33000 | D115: 162 | E115: 294 | AB115: =VLOOKUP(A115,Classes!A:C,2,0) -> Magus
A116: 4 | B116: 10 | C116: 44000 | D116: 192 | E116: 354 | AB116: =VLOOKUP(A116,Classes!A:C,2,0) -> Magus
A117: 4 | B117: 11 | C117: 57200 | D117: 225 | E117: 420 | AB117: =VLOOKUP(A117,Classes!A:C,2,0) -> Magus
A118: 4 | B118: 12 | C118: 72800 | D118: 261 | E118: 492 | AB118: =VLOOKUP(A118,Classes!A:C,2,0) -> Magus
... A256: 6 | B256: 50 | C256: 0 | D256: 4300 | E256: 6400 | AB256: =VLOOKUP(A256,Classes!A:C,2,0) -> Game Master

Sheet Class Levelup Spells
A1: class id | B1: level | C1: spell id | E1: Class Name | F1: Spell Name
A2: 2 | B2: 4 | C2: 3 | E2: =VLOOKUP(A2,Classes!A:C,2,0) -> Rogue | F2: =VLOOKUP(C2,Spells!A:C,2,0) -> Backstab 1
A3: 2 | B3: 11 | C3: 25 | E3: =VLOOKUP(A3,Classes!A:C,2,0) -> Rogue | F3: =VLOOKUP(C3,Spells!A:C,2,0) -> Poison Weapon 1
A4: 2 | B4: 14 | C4: 26 | E4: =VLOOKUP(A4,Classes!A:C,2,0) -> Rogue | F4: =VLOOKUP(C4,Spells!A:C,2,0) -> Backstab 2
A5: 2 | B5: 19 | C5: 27 | E5: =VLOOKUP(A5,Classes!A:C,2,0) -> Rogue | F5: =VLOOKUP(C5,Spells!A:C,2,0) -> Nimble 1
A6: 2 | B6: 24 | C6: 28 | E6: =VLOOKUP(A6,Classes!A:C,2,0) -> Rogue | F6: =VLOOKUP(C6,Spells!A:C,2,0) -> Backstab 3
A7: 2 | B7: 28 | C7: 81 | E7: =VLOOKUP(A7,Classes!A:C,2,0) -> Rogue | F7: =VLOOKUP(C7,Spells!A:C,2,0) -> Invisibility
A8: 2 | B8: 31 | C8: 82 | E8: =VLOOKUP(A8,Classes!A:C,2,0) -> Rogue | F8: =VLOOKUP(C8,Spells!A:C,2,0) -> Poison Weapon 2
A9: 2 | B9: 34 | C9: 83 | E9: =VLOOKUP(A9,Classes!A:C,2,0) -> Rogue | F9: =VLOOKUP(C9,Spells!A:C,2,0) -> Backstab 4
A10: 2 | B10: 39 | C10: 84 | E10: =VLOOKUP(A10,Classes!A:C,2,0) -> Rogue | F10: =VLOOKUP(C10,Spells!A:C,2,0) -> Nimble 2
A11: 2 | B11: 44 | C11: 85 | E11: =VLOOKUP(A11,Classes!A:C,2,0) -> Rogue | F11: =VLOOKUP(C11,Spells!A:C,2,0) -> Backstab 5
A12: 3 | B12: 1 | C12: 4 | E12: =VLOOKUP(A12,Classes!A:C,2,0) -> Warrior | F12: =VLOOKUP(C12,Spells!A:C,2,0) -> Taunt 1
A13: 3 | B13: 5 | C13: 20 | E13: =VLOOKUP(A13,Classes!A:C,2,0) -> Warrior | F13: =VLOOKUP(C13,Spells!A:C,2,0) -> Rampant Rage
... A26: 3 | B26: 49 | C26: 87 | E26: =VLOOKUP(A26,Classes!A:C,2,0) -> Warrior | F26: =VLOOKUP(C26,Spells!A:C,2,0) -> Ground Slam 4
